Field,Type,IOCCountry,AS_Owner,Continent,resolutions_last_resolved,resolutions_host,resolutions_ip_address,detected_url,detected_urls_positives,detected_urls_total,detected_urls_scan_date,detected_communicating_samples_sha256,detected_communicating_samples_positives,detected_communicating_samples_total,detected_communicating_samples_scan_date,asn,network,subdomains,categories,dns_records_type,dns_records_value,detected_referrer_samples_date,detected_referrer_samples_positives,detected_referrer_samples_total,detected_referrer_samples_sha256,detected_downloaded_samples_date,detected_downloaded_samples_positives,detected_downloaded_samples_total,detected_downloaded_samples_sha256,Engine,Engine_detected,Engine_result,hash_scan_version,hash_scan_result,hash_sha1,hash_sha256,hash_md5,hash_total,hash_positives,hash_scan_date
Domain,hecs.com,,,,2016-01-11 00:00:00,,107.180.51.79,http://hecs.com/MoYDbSrKucQ3DCV,3.0,79.0,2020-10-01 23:30:28,,,,,,,www.hecs.com,,,,2020-07-07 06:07:01,20.0,75.0,cc8cbb5347a716277d36e6e3cf88204c4a8eb599ec573f8b9e16127772794ea8,2019-08-29 03:56:45,1.0,71.0,90b2d35cd5e08370ed20db81197dd9da1a4dbb421f71293fd5733ea49eb7b3e1,,,,,,,,,,,
Domain,hecs.com,,,,2013-06-24 00:00:00,,173.201.98.128,http://hecs.com/,2.0,79.0,2020-09-27 22:21:16,,,,,,,,,,,2020-04-29 01:53:53,9.0,75.0,b518983267452b97c48184dd74d77f85ec3514cbe9c27b8de89c92e6694ec12c,2017-11-07 10:18:42,1.0,59.0,cdc8b52c9402b72ef9c698027c0d2ea63058ed98b832a31d3ac57c9e7f8b35ed,,,,,,,,,,,
Domain,hecs.com,,,,2018-08-24 20:50:36,,184.168.221.32,http://hecs.com/icc{44352f7aa482f7b0260b91cf4714c6a01ff19f5b148963c1a985ff7d43410575},4.0,79.0,2020-09-26 11:38:54,,,,,,,,,,,2020-03-23 14:17:00,1.0,75.0,9b9fc8a9b37f6f404a7c28115bea4551780873b05f156dc171920bf299484444,,,,,,,,,,,,,,,
Domain,hecs.com,,,,2019-10-01 08:23:31,,184.168.221.33,http://hecs.com/icc{2e4df36402ff37271087a408c7a5395d3ce6e8a3160288706b7682d49fe410eb},3.0,79.0,2020-09-25 19:37:20,,,,,,,,,,,2020-01-20 18:44:52,3.0,75.0,088d08cf34bf7d415b8db2dee74fb48af055939fa2b16871687e6a2e4ed90016,,,,,,,,,,,,,,,
Domain,hecs.com,,,,2018-07-29 15:45:58,,184.168.221.34,http://hecs.com/favicon.ico,4.0,79.0,2020-09-21 22:45:35,,,,,,,,,,,2018-04-02 07:26:32,2.0,70.0,164fd870778509786cb4a2c1044705c71a4e443b78712697c3b4c853cdd5e641,,,,,,,,,,,,,,,
Domain,hecs.com,,,,2019-10-25 02:55:39,,184.168.221.35,https://hecs.com/,3.0,79.0,2020-09-14 12:00:26,,,,,,,,,,,2018-04-02 07:19:55,2.0,70.0,9591843b03cc15153f6eaaf25d05e9f830bf87295a0b175115fe2555984a9060,,,,,,,,,,,,,,,
Domain,hecs.com,,,,2018-09-29 15:49:53,,184.168.221.36,http://hecs.com/index.html,4.0,66.0,2019-01-13 14:27:03,,,,,,,,,,,,5.0,59.0,22011584cecab50373147165ced7d5872aa9eacb8b9c5b7b2ee85d87bef2a127,,,,,,,,,,,,,,,
Domain,hecs.com,,,,2020-01-22 09:25:45,,184.168.221.37,http://hecs.com/contact.php/js/cufon-replace.js,4.0,66.0,2018-12-29 18:10:37,,,,,,,,,,,,,,,,,,,,,,,,,,,,,
Domain,hecs.com,,,,2018-11-11 22:41:20,,184.168.221.38,http://hecs.com/?reqp=1&reqr=  http://parked-content.godaddy.com/park/qKWjMv5jL,3.0,66.0,2018-12-11 17:54:14,,,,,,,,,,,,,,,,,,,,,,,,,,,,,
Domain,hecs.com,,,,2018-08-12 19:55:09,,184.168.221.39,http://hecs.com/XXnKZ/,3.0,66.0,2018-12-11 17:50:13,,,,,,,,,,,,,,,,,,,,,,,,,,,,,
Domain,hecs.com,,,,2020-05-20 09:00:59,,184.168.221.40,http://hecs.com/index_demo-4.html,3.0,67.0,2018-08-11 18:29:58,,,,,,,,,,,,,,,,,,,,,,,,,,,,,
Domain,hecs.com,,,,2018-08-21 22:05:32,,184.168.221.41,http://hecs.com/js/cufon-yui.js,4.0,67.0,2018-08-11 10:13:44,,,,,,,,,,,,,,,,,,,,,,,,,,,,,
Domain,hecs.com,,,,2020-07-01 05:06:15,,184.168.221.43,http://hecs.com/index.php,5.0,65.0,2017-11-20 13:50:29,,,,,,,,,,,,,,,,,,,,,,,,,,,,,
Domain,hecs.com,,,,2018-10-18 10:46:28,,184.168.221.44,http://hecs.com/product_aquatic.html,7.0,63.0,2015-07-15 05:58:05,,,,,,,,,,,,,,,,,,,,,,,,,,,,,
Domain,hecs.com,,,,2019-11-25 02:10:56,,184.168.221.45,,,,,,,,,,,,,,,,,,,,,,,,,,,,,,,,,
Domain,hecs.com,,,,2019-01-07 03:58:14,,184.168.221.46,,,,,,,,,,,,,,,,,,,,,,,,,,,,,,,,,
Domain,hecs.com,,,,2018-12-29 18:10:38,,184.168.221.47,,,,,,,,,,,,,,,,,,,,,,,,,,,,,,,,,
Domain,hecs.com,,,,2018-12-23 21:21:41,,184.168.221.48,,,,,,,,,,,,,,,,,,,,,,,,,,,,,,,,,
Domain,hecs.com,,,,2019-02-17 21:22:27,,184.168.221.49,,,,,,,,,,,,,,,,,,,,,,,,,,,,,,,,,
Domain,hecs.com,,,,2018-08-11 10:13:46,,184.168.221.50,,,,,,,,,,,,,,,,,,,,,,,,,,,,,,,,,
Domain,hecs.com,,,,2018-04-29 00:00:00,,184.168.221.51,,,,,,,,,,,,,,,,,,,,,,,,,,,,,,,,,
Domain,hecs.com,,,,2019-04-17 06:26:05,,184.168.221.52,,,,,,,,,,,,,,,,,,,,,,,,,,,,,,,,,
Domain,hecs.com,,,,2019-06-17 18:53:38,,184.168.221.53,,,,,,,,,,,,,,,,,,,,,,,,,,,,,,,,,
Domain,hecs.com,,,,2018-04-29 20:46:45,,184.168.221.54,,,,,,,,,,,,,,,,,,,,,,,,,,,,,,,,,
Domain,hecs.com,,,,2018-06-03 23:43:10,,184.168.221.56,,,,,,,,,,,,,,,,,,,,,,,,,,,,,,,,,
Domain,hecs.com,,,,2019-09-06 09:03:15,,184.168.221.57,,,,,,,,,,,,,,,,,,,,,,,,,,,,,,,,,
Domain,hecs.com,,,,2019-03-11 19:24:22,,184.168.221.58,,,,,,,,,,,,,,,,,,,,,,,,,,,,,,,,,
Domain,hecs.com,,,,2018-02-06 08:44:00,,184.168.221.59,,,,,,,,,,,,,,,,,,,,,,,,,,,,,,,,,
Domain,hecs.com,,,,2018-12-11 17:39:18,,184.168.221.60,,,,,,,,,,,,,,,,,,,,,,,,,,,,,,,,,
Domain,hecs.com,,,,2019-09-08 12:30:42,,184.168.221.61,,,,,,,,,,,,,,,,,,,,,,,,,,,,,,,,,
Domain,hecs.com,,,,2019-01-27 21:26:14,,184.168.221.62,,,,,,,,,,,,,,,,,,,,,,,,,,,,,,,,,
Domain,hecs.com,,,,2020-03-25 03:42:56,,184.168.221.63,,,,,,,,,,,,,,,,,,,,,,,,,,,,,,,,,
Domain,hecs.com,,,,2020-07-09 05:40:08,,34.102.136.180,,,,,,,,,,,,,,,,,,,,,,,,,,,,,,,,,
Domain,hecs.com,,,,2019-09-04 22:56:49,,50.63.202.32,,,,,,,,,,,,,,,,,,,,,,,,,,,,,,,,,
Domain,hecs.com,,,,2019-04-17 06:26:08,,50.63.202.33,,,,,,,,,,,,,,,,,,,,,,,,,,,,,,,,,
Domain,hecs.com,,,,2020-02-27 01:03:13,,50.63.202.34,,,,,,,,,,,,,,,,,,,,,,,,,,,,,,,,,
Domain,hecs.com,,,,2019-12-03 01:37:45,,50.63.202.35,,,,,,,,,,,,,,,,,,,,,,,,,,,,,,,,,
Domain,hecs.com,,,,2018-12-13 15:46:54,,50.63.202.36,,,,,,,,,,,,,,,,,,,,,,,,,,,,,,,,,
Domain,hecs.com,,,,2019-09-02 22:26:42,,50.63.202.37,,,,,,,,,,,,,,,,,,,,,,,,,,,,,,,,,
Domain,hecs.com,,,,2018-10-08 08:19:22,,50.63.202.38,,,,,,,,,,,,,,,,,,,,,,,,,,,,,,,,,
Domain,hecs.com,,,,2019-12-10 17:13:27,,50.63.202.39,,,,,,,,,,,,,,,,,,,,,,,,,,,,,,,,,
Domain,hecs.com,,,,2019-09-05 09:32:50,,50.63.202.40,,,,,,,,,,,,,,,,,,,,,,,,,,,,,,,,,
Domain,hecs.com,,,,2018-01-12 00:00:00,,50.63.202.42,,,,,,,,,,,,,,,,,,,,,,,,,,,,,,,,,
Domain,hecs.com,,,,2019-11-05 12:10:28,,50.63.202.43,,,,,,,,,,,,,,,,,,,,,,,,,,,,,,,,,
Domain,hecs.com,,,,2019-08-30 20:48:46,,50.63.202.44,,,,,,,,,,,,,,,,,,,,,,,,,,,,,,,,,
Domain,hecs.com,,,,2018-12-09 22:16:37,,50.63.202.45,,,,,,,,,,,,,,,,,,,,,,,,,,,,,,,,,
Domain,hecs.com,,,,2019-10-07 13:02:50,,50.63.202.46,,,,,,,,,,,,,,,,,,,,,,,,,,,,,,,,,
Domain,hecs.com,,,,2019-08-09 10:05:29,,50.63.202.47,,,,,,,,,,,,,,,,,,,,,,,,,,,,,,,,,
Domain,hecs.com,,,,2019-09-22 19:51:30,,50.63.202.49,,,,,,,,,,,,,,,,,,,,,,,,,,,,,,,,,
Domain,hecs.com,,,,2019-09-04 08:04:18,,50.63.202.50,,,,,,,,,,,,,,,,,,,,,,,,,,,,,,,,,
Domain,hecs.com,,,,2018-10-01 05:46:25,,50.63.202.51,,,,,,,,,,,,,,,,,,,,,,,,,,,,,,,,,
Domain,hecs.com,,,,2018-06-29 09:32:49,,50.63.202.52,,,,,,,,,,,,,,,,,,,,,,,,,,,,,,,,,
Domain,hecs.com,,,,2019-08-26 08:03:59,,50.63.202.53,,,,,,,,,,,,,,,,,,,,,,,,,,,,,,,,,
Domain,hecs.com,,,,2018-03-03 00:00:00,,50.63.202.54,,,,,,,,,,,,,,,,,,,,,,,,,,,,,,,,,
Domain,hecs.com,,,,2019-01-13 14:27:07,,50.63.202.55,,,,,,,,,,,,,,,,,,,,,,,,,,,,,,,,,
Domain,hecs.com,,,,2019-09-09 08:04:16,,50.63.202.56,,,,,,,,,,,,,,,,,,,,,,,,,,,,,,,,,
Domain,hecs.com,,,,2018-06-19 10:09:32,,50.63.202.57,,,,,,,,,,,,,,,,,,,,,,,,,,,,,,,,,
Domain,hecs.com,,,,2018-02-25 00:00:00,,50.63.202.58,,,,,,,,,,,,,,,,,,,,,,,,,,,,,,,,,
Domain,hecs.com,,,,2018-09-25 05:47:31,,50.63.202.60,,,,,,,,,,,,,,,,,,,,,,,,,,,,,,,,,
Domain,hecs.com,,,,2019-10-26 21:23:47,,50.63.202.61,,,,,,,,,,,,,,,,,,,,,,,,,,,,,,,,,
Domain,hecs.com,,,,2019-05-09 11:25:08,,50.63.202.62,,,,,,,,,,,,,,,,,,,,,,,,,,,,,,,,,
Domain,hecs.com,,,,2019-08-16 19:04:54,,50.63.202.63,,,,,,,,,,,,,,,,,,,,,,,,,,,,,,,,,
Domain,hecs.com,,,,,,,,,,,,,,,,,,,,,,,,,,,,,,,,,,,,,,,
Hash,99017f6eebbac24f351415dd410d522d,,,,,,,,,,,,,,,,,,,,,,,,,,,,,ALYac,True,,1.1.1.5,Generic.Malware.V!w.7232B058,4d1740485713a2ab3a4f5822a01f645fe8387f92,52d3df0ed60c46f336c131bf2ca454f73bafdc4b04dfa2aea80746f5ba9e6d1c,99017f6eebbac24f351415dd410d522d,67.0,54.0,2020-09-15 07:15:31
Hash,99017f6eebbac24f351415dd410d522d,,,,,,,,,,,,,,,,,,,,,,,,,,,,,FireEye,True,,32.36.1.0,Generic.mg.99017f6eebbac24f,4d1740485713a2ab3a4f5822a01f645fe8387f92,52d3df0ed60c46f336c131bf2ca454f73bafdc4b04dfa2aea80746f5ba9e6d1c,99017f6eebbac24f351415dd410d522d,67.0,54.0,2020-09-15 07:15:31
Hash,99017f6eebbac24f351415dd410d522d,,,,,,,,,,,,,,,,,,,,,,,,,,,,,ZoneAlarm,True,,1.0,Trojan.Win32.Hosts2.ydg,4d1740485713a2ab3a4f5822a01f645fe8387f92,52d3df0ed60c46f336c131bf2ca454f73bafdc4b04dfa2aea80746f5ba9e6d1c,99017f6eebbac24f351415dd410d522d,67.0,54.0,2020-09-15 07:15:31
Hash,99017f6eebbac24f351415dd410d522d,,,,,,,,,,,,,,,,,,,,,,,,,,,,,K7AntiVirus,True,,11.141.35258,Hacktool ( 0052858a1 ),4d1740485713a2ab3a4f5822a01f645fe8387f92,52d3df0ed60c46f336c131bf2ca454f73bafdc4b04dfa2aea80746f5ba9e6d1c,99017f6eebbac24f351415dd410d522d,67.0,54.0,2020-09-15 07:15:31
Hash,99017f6eebbac24f351415dd410d522d,,,,,,,,,,,,,,,,,,,,,,,,,,,,,MicroWorld-eScan,True,,14.0.409.0,Generic.Malware.V!w.7232B058,4d1740485713a2ab3a4f5822a01f645fe8387f92,52d3df0ed60c46f336c131bf2ca454f73bafdc4b04dfa2aea80746f5ba9e6d1c,99017f6eebbac24f351415dd410d522d,67.0,54.0,2020-09-15 07:15:31
Hash,99017f6eebbac24f351415dd410d522d,,,,,,,,,,,,,,,,,,,,,,,,,,,,,Sangfor,True,,1.0,Malware,4d1740485713a2ab3a4f5822a01f645fe8387f92,52d3df0ed60c46f336c131bf2ca454f73bafdc4b04dfa2aea80746f5ba9e6d1c,99017f6eebbac24f351415dd410d522d,67.0,54.0,2020-09-15 07:15:31
Hash,99017f6eebbac24f351415dd410d522d,,,,,,,,,,,,,,,,,,,,,,,,,,,,,eGambit,True,,,Unsafe.AI_Score_99%,4d1740485713a2ab3a4f5822a01f645fe8387f92,52d3df0ed60c46f336c131bf2ca454f73bafdc4b04dfa2aea80746f5ba9e6d1c,99017f6eebbac24f351415dd410d522d,67.0,54.0,2020-09-15 07:15:31
Hash,99017f6eebbac24f351415dd410d522d,,,,,,,,,,,,,,,,,,,,,,,,,,,,,VBA32,True,,4.4.1,SScope.Trojan.VBRA.15773,4d1740485713a2ab3a4f5822a01f645fe8387f92,52d3df0ed60c46f336c131bf2ca454f73bafdc4b04dfa2aea80746f5ba9e6d1c,99017f6eebbac24f351415dd410d522d,67.0,54.0,2020-09-15 07:15:31
Hash,99017f6eebbac24f351415dd410d522d,,,,,,,,,,,,,,,,,,,,,,,,,,,,,Symantec,True,,1.12.0.0,Trojan.Klovbot,4d1740485713a2ab3a4f5822a01f645fe8387f92,52d3df0ed60c46f336c131bf2ca454f73bafdc4b04dfa2aea80746f5ba9e6d1c,99017f6eebbac24f351415dd410d522d,67.0,54.0,2020-09-15 07:15:31
Hash,99017f6eebbac24f351415dd410d522d,,,,,,,,,,,,,,,,,,,,,,,,,,,,,Fortinet,True,,6.2.142.0,W32/Vb.HT!tr,4d1740485713a2ab3a4f5822a01f645fe8387f92,52d3df0ed60c46f336c131bf2ca454f73bafdc4b04dfa2aea80746f5ba9e6d1c,99017f6eebbac24f351415dd410d522d,67.0,54.0,2020-09-15 07:15:31
Hash,99017f6eebbac24f351415dd410d522d,,,,,,,,,,,,,,,,,,,,,,,,,,,,,Webroot,True,,1.0.0.403,Trojan:Win32/Comame,4d1740485713a2ab3a4f5822a01f645fe8387f92,52d3df0ed60c46f336c131bf2ca454f73bafdc4b04dfa2aea80746f5ba9e6d1c,99017f6eebbac24f351415dd410d522d,67.0,54.0,2020-09-15 07:15:31
Hash,99017f6eebbac24f351415dd410d522d,,,,,,,,,,,,,,,,,,,,,,,,,,,,,MAX,True,,2019.9.16.1,malware (ai score=100),4d1740485713a2ab3a4f5822a01f645fe8387f92,52d3df0ed60c46f336c131bf2ca454f73bafdc4b04dfa2aea80746f5ba9e6d1c,99017f6eebbac24f351415dd410d522d,67.0,54.0,2020-09-15 07:15:31
Hash,99017f6eebbac24f351415dd410d522d,,,,,,,,,,,,,,,,,,,,,,,,,,,,,APEX,True,,6.70,Malicious,4d1740485713a2ab3a4f5822a01f645fe8387f92,52d3df0ed60c46f336c131bf2ca454f73bafdc4b04dfa2aea80746f5ba9e6d1c,99017f6eebbac24f351415dd410d522d,67.0,54.0,2020-09-15 07:15:31
Hash,99017f6eebbac24f351415dd410d522d,,,,,,,,,,,,,,,,,,,,,,,,,,,,,Cybereason,True,,1.2.449,malicious.eebbac,4d1740485713a2ab3a4f5822a01f645fe8387f92,52d3df0ed60c46f336c131bf2ca454f73bafdc4b04dfa2aea80746f5ba9e6d1c,99017f6eebbac24f351415dd410d522d,67.0,54.0,2020-09-15 07:15:31
Hash,99017f6eebbac24f351415dd410d522d,,,,,,,,,,,,,,,,,,,,,,,,,,,,,ViRobot,True,,2014.3.20.0,Trojan.Win32.VB.28672.CK,4d1740485713a2ab3a4f5822a01f645fe8387f92,52d3df0ed60c46f336c131bf2ca454f73bafdc4b04dfa2aea80746f5ba9e6d1c,99017f6eebbac24f351415dd410d522d,67.0,54.0,2020-09-15 07:15:31
Hash,99017f6eebbac24f351415dd410d522d,,,,,,,,,,,,,,,,,,,,,,,,,,,,,Sophos,True,,4.98.0,Troj/VBHost-A,4d1740485713a2ab3a4f5822a01f645fe8387f92,52d3df0ed60c46f336c131bf2ca454f73bafdc4b04dfa2aea80746f5ba9e6d1c,99017f6eebbac24f351415dd410d522d,67.0,54.0,2020-09-15 07:15:31
Hash,99017f6eebbac24f351415dd410d522d,,,,,,,,,,,,,,,,,,,,,,,,,,,,,ESET-NOD32,True,,21991,a variant of Win32/Qhost.Banker.BP,4d1740485713a2ab3a4f5822a01f645fe8387f92,52d3df0ed60c46f336c131bf2ca454f73bafdc4b04dfa2aea80746f5ba9e6d1c,99017f6eebbac24f351415dd410d522d,67.0,54.0,2020-09-15 07:15:31
Hash,99017f6eebbac24f351415dd410d522d,,,,,,,,,,,,,,,,,,,,,,,,,,,,,Comodo,True,,32668,Suspicious@#3ti95s6395h1t,4d1740485713a2ab3a4f5822a01f645fe8387f92,52d3df0ed60c46f336c131bf2ca454f73bafdc4b04dfa2aea80746f5ba9e6d1c,99017f6eebbac24f351415dd410d522d,67.0,54.0,2020-09-15 07:15:31
Hash,99017f6eebbac24f351415dd410d522d,,,,,,,,,,,,,,,,,,,,,,,,,,,,,Panda,True,,4.6.4.2,Adware/AccesMembre,4d1740485713a2ab3a4f5822a01f645fe8387f92,52d3df0ed60c46f336c131bf2ca454f73bafdc4b04dfa2aea80746f5ba9e6d1c,99017f6eebbac24f351415dd410d522d,67.0,54.0,2020-09-15 07:15:31
Hash,99017f6eebbac24f351415dd410d522d,,,,,,,,,,,,,,,,,,,,,,,,,,,,,GData,True,,A:25.27019B:27.20176,Generic.Malware.V!w.7232B058,4d1740485713a2ab3a4f5822a01f645fe8387f92,52d3df0ed60c46f336c131bf2ca454f73bafdc4b04dfa2aea80746f5ba9e6d1c,99017f6eebbac24f351415dd410d522d,67.0,54.0,2020-09-15 07:15:31
Hash,99017f6eebbac24f351415dd410d522d,,,,,,,,,,,,,,,,,,,,,,,,,,,,,NANO-Antivirus,True,,1.0.134.25140,Trojan.Win32.Hosts2.fldtyw,4d1740485713a2ab3a4f5822a01f645fe8387f92,52d3df0ed60c46f336c131bf2ca454f73bafdc4b04dfa2aea80746f5ba9e6d1c,99017f6eebbac24f351415dd410d522d,67.0,54.0,2020-09-15 07:15:31
Hash,99017f6eebbac24f351415dd410d522d,,,,,,,,,,,,,,,,,,,,,,,,,,,,,McAfee,True,,6.0.6.653,RDN/Generic Qhost.e,4d1740485713a2ab3a4f5822a01f645fe8387f92,52d3df0ed60c46f336c131bf2ca454f73bafdc4b04dfa2aea80746f5ba9e6d1c,99017f6eebbac24f351415dd410d522d,67.0,54.0,2020-09-15 07:15:31
Hash,99017f6eebbac24f351415dd410d522d,,,,,,,,,,,,,,,,,,,,,,,,,,,,,Qihoo-360,True,,1.0.0.1120,Win32/Trojan.Spy.fd9,4d1740485713a2ab3a4f5822a01f645fe8387f92,52d3df0ed60c46f336c131bf2ca454f73bafdc4b04dfa2aea80746f5ba9e6d1c,99017f6eebbac24f351415dd410d522d,67.0,54.0,2020-09-15 07:15:31
Hash,99017f6eebbac24f351415dd410d522d,,,,,,,,,,,,,,,,,,,,,,,,,,,,,TrendMicro-HouseCall,True,,10.0.0.1040,TROJ_VB.JVJ,4d1740485713a2ab3a4f5822a01f645fe8387f92,52d3df0ed60c46f336c131bf2ca454f73bafdc4b04dfa2aea80746f5ba9e6d1c,99017f6eebbac24f351415dd410d522d,67.0,54.0,2020-09-15 07:15:31
Hash,99017f6eebbac24f351415dd410d522d,,,,,,,,,,,,,,,,,,,,,,,,,,,,,Cynet,True,,4.0.0.24,Malicious (score: 85),4d1740485713a2ab3a4f5822a01f645fe8387f92,52d3df0ed60c46f336c131bf2ca454f73bafdc4b04dfa2aea80746f5ba9e6d1c,99017f6eebbac24f351415dd410d522d,67.0,54.0,2020-09-15 07:15:31
Hash,99017f6eebbac24f351415dd410d522d,,,,,,,,,,,,,,,,,,,,,,,,,,,,,DrWeb,True,,7.0.49.9080,Trojan.Hosts.37,4d1740485713a2ab3a4f5822a01f645fe8387f92,52d3df0ed60c46f336c131bf2ca454f73bafdc4b04dfa2aea80746f5ba9e6d1c,99017f6eebbac24f351415dd410d522d,67.0,54.0,2020-09-15 07:15:31
Hash,99017f6eebbac24f351415dd410d522d,,,,,,,,,,,,,,,,,,,,,,,,,,,,,CrowdStrike,True,,1.0,win/malicious_confidence_80% (W),4d1740485713a2ab3a4f5822a01f645fe8387f92,52d3df0ed60c46f336c131bf2ca454f73bafdc4b04dfa2aea80746f5ba9e6d1c,99017f6eebbac24f351415dd410d522d,67.0,54.0,2020-09-15 07:15:31
Hash,99017f6eebbac24f351415dd410d522d,,,,,,,,,,,,,,,,,,,,,,,,,,,,,VIPRE,True,,86704,Trojan.Win32.Generic!BT,4d1740485713a2ab3a4f5822a01f645fe8387f92,52d3df0ed60c46f336c131bf2ca454f73bafdc4b04dfa2aea80746f5ba9e6d1c,99017f6eebbac24f351415dd410d522d,67.0,54.0,2020-09-15 07:15:31
Hash,99017f6eebbac24f351415dd410d522d,,,,,,,,,,,,,,,,,,,,,,,,,,,,,Zillya,True,,2.0.0.4176,Trojan.VB.Win32.33493,4d1740485713a2ab3a4f5822a01f645fe8387f92,52d3df0ed60c46f336c131bf2ca454f73bafdc4b04dfa2aea80746f5ba9e6d1c,99017f6eebbac24f351415dd410d522d,67.0,54.0,2020-09-15 07:15:31
Hash,99017f6eebbac24f351415dd410d522d,,,,,,,,,,,,,,,,,,,,,,,,,,,,,Microsoft,True,,1.1.17400.5,Trojan:Win32/Comame!rfn,4d1740485713a2ab3a4f5822a01f645fe8387f92,52d3df0ed60c46f336c131bf2ca454f73bafdc4b04dfa2aea80746f5ba9e6d1c,99017f6eebbac24f351415dd410d522d,67.0,54.0,2020-09-15 07:15:31
Hash,99017f6eebbac24f351415dd410d522d,,,,,,,,,,,,,,,,,,,,,,,,,,,,,BitDefenderTheta,True,,7.2.37796.0,AI:Packer.4D598F5F1F,4d1740485713a2ab3a4f5822a01f645fe8387f92,52d3df0ed60c46f336c131bf2ca454f73bafdc4b04dfa2aea80746f5ba9e6d1c,99017f6eebbac24f351415dd410d522d,67.0,54.0,2020-09-15 07:15:31
Hash,99017f6eebbac24f351415dd410d522d,,,,,,,,,,,,,,,,,,,,,,,,,,,,,Ikarus,True,,0.1.5.2,Trojan.Win32.Qhost,4d1740485713a2ab3a4f5822a01f645fe8387f92,52d3df0ed60c46f336c131bf2ca454f73bafdc4b04dfa2aea80746f5ba9e6d1c,99017f6eebbac24f351415dd410d522d,67.0,54.0,2020-09-15 07:15:31
Hash,99017f6eebbac24f351415dd410d522d,,,,,,,,,,,,,,,,,,,,,,,,,,,,,Avira,True,,8.3.3.8,TR/VB.dyo,4d1740485713a2ab3a4f5822a01f645fe8387f92,52d3df0ed60c46f336c131bf2ca454f73bafdc4b04dfa2aea80746f5ba9e6d1c,99017f6eebbac24f351415dd410d522d,67.0,54.0,2020-09-15 07:15:31
Hash,99017f6eebbac24f351415dd410d522d,,,,,,,,,,,,,,,,,,,,,,,,,,,,,Bkav,True,,1.3.0.9899,W32.AIDetectVM.malware1,4d1740485713a2ab3a4f5822a01f645fe8387f92,52d3df0ed60c46f336c131bf2ca454f73bafdc4b04dfa2aea80746f5ba9e6d1c,99017f6eebbac24f351415dd410d522d,67.0,54.0,2020-09-15 07:15:31
Hash,99017f6eebbac24f351415dd410d522d,,,,,,,,,,,,,,,,,,,,,,,,,,,,,TrendMicro,True,,11.0.0.1006,TROJ_VB.JVJ,4d1740485713a2ab3a4f5822a01f645fe8387f92,52d3df0ed60c46f336c131bf2ca454f73bafdc4b04dfa2aea80746f5ba9e6d1c,99017f6eebbac24f351415dd410d522d,67.0,54.0,2020-09-15 07:15:31
Hash,99017f6eebbac24f351415dd410d522d,,,,,,,,,,,,,,,,,,,,,,,,,,,,,Rising,True,,25.0.0.26,Trojan.Qhost!8.1B0 (TFE:4:4NUfN7TXJ2D),4d1740485713a2ab3a4f5822a01f645fe8387f92,52d3df0ed60c46f336c131bf2ca454f73bafdc4b04dfa2aea80746f5ba9e6d1c,99017f6eebbac24f351415dd410d522d,67.0,54.0,2020-09-15 07:15:31
Hash,99017f6eebbac24f351415dd410d522d,,,,,,,,,,,,,,,,,,,,,,,,,,,,,BitDefender,True,,7.2,Generic.Malware.V!w.7232B058,4d1740485713a2ab3a4f5822a01f645fe8387f92,52d3df0ed60c46f336c131bf2ca454f73bafdc4b04dfa2aea80746f5ba9e6d1c,99017f6eebbac24f351415dd410d522d,67.0,54.0,2020-09-15 07:15:31
Hash,99017f6eebbac24f351415dd410d522d,,,,,,,,,,,,,,,,,,,,,,,,,,,,,Ad-Aware,True,,3.0.16.117,Generic.Malware.V!w.7232B058,4d1740485713a2ab3a4f5822a01f645fe8387f92,52d3df0ed60c46f336c131bf2ca454f73bafdc4b04dfa2aea80746f5ba9e6d1c,99017f6eebbac24f351415dd410d522d,67.0,54.0,2020-09-15 07:15:31
Hash,99017f6eebbac24f351415dd410d522d,,,,,,,,,,,,,,,,,,,,,,,,,,,,,Jiangmin,True,,16.0.100,Trojan/VB.ckhw,4d1740485713a2ab3a4f5822a01f645fe8387f92,52d3df0ed60c46f336c131bf2ca454f73bafdc4b04dfa2aea80746f5ba9e6d1c,99017f6eebbac24f351415dd410d522d,67.0,54.0,2020-09-15 07:15:31
Hash,99017f6eebbac24f351415dd410d522d,,,,,,,,,,,,,,,,,,,,,,,,,,,,,Alibaba,True,,0.3.0.5,Trojan:Win32/Hosts2.690bb821,4d1740485713a2ab3a4f5822a01f645fe8387f92,52d3df0ed60c46f336c131bf2ca454f73bafdc4b04dfa2aea80746f5ba9e6d1c,99017f6eebbac24f351415dd410d522d,67.0,54.0,2020-09-15 07:15:31
Hash,99017f6eebbac24f351415dd410d522d,,,,,,,,,,,,,,,,,,,,,,,,,,,,,Antiy-AVL,True,,3.0.0.1,Trojan/Win32.Hosts2,4d1740485713a2ab3a4f5822a01f645fe8387f92,52d3df0ed60c46f336c131bf2ca454f73bafdc4b04dfa2aea80746f5ba9e6d1c,99017f6eebbac24f351415dd410d522d,67.0,54.0,2020-09-15 07:15:31
Hash,99017f6eebbac24f351415dd410d522d,,,,,,,,,,,,,,,,,,,,,,,,,,,,,Cylance,True,,2.3.1.101,Unsafe,4d1740485713a2ab3a4f5822a01f645fe8387f92,52d3df0ed60c46f336c131bf2ca454f73bafdc4b04dfa2aea80746f5ba9e6d1c,99017f6eebbac24f351415dd410d522d,67.0,54.0,2020-09-15 07:15:31
Hash,99017f6eebbac24f351415dd410d522d,,,,,,,,,,,,,,,,,,,,,,,,,,,,,K7GW,True,,11.141.35258,Hacktool ( 0052858a1 ),4d1740485713a2ab3a4f5822a01f645fe8387f92,52d3df0ed60c46f336c131bf2ca454f73bafdc4b04dfa2aea80746f5ba9e6d1c,99017f6eebbac24f351415dd410d522d,67.0,54.0,2020-09-15 07:15:31
Hash,99017f6eebbac24f351415dd410d522d,,,,,,,,,,,,,,,,,,,,,,,,,,,,,Paloalto,True,,1.0,generic.ml,4d1740485713a2ab3a4f5822a01f645fe8387f92,52d3df0ed60c46f336c131bf2ca454f73bafdc4b04dfa2aea80746f5ba9e6d1c,99017f6eebbac24f351415dd410d522d,67.0,54.0,2020-09-15 07:15:31
Hash,99017f6eebbac24f351415dd410d522d,,,,,,,,,,,,,,,,,,,,,,,,,,,,,Avast,True,,18.4.3895.0,Win32:VB-ZOF [Spy],4d1740485713a2ab3a4f5822a01f645fe8387f92,52d3df0ed60c46f336c131bf2ca454f73bafdc4b04dfa2aea80746f5ba9e6d1c,99017f6eebbac24f351415dd410d522d,67.0,54.0,2020-09-15 07:15:31
Hash,99017f6eebbac24f351415dd410d522d,,,,,,,,,,,,,,,,,,,,,,,,,,,,,MaxSecure,True,,1.0.0.1,Trojan.Malware.300983.susgen,4d1740485713a2ab3a4f5822a01f645fe8387f92,52d3df0ed60c46f336c131bf2ca454f73bafdc4b04dfa2aea80746f5ba9e6d1c,99017f6eebbac24f351415dd410d522d,67.0,54.0,2020-09-15 07:15:31
Hash,99017f6eebbac24f351415dd410d522d,,,,,,,,,,,,,,,,,,,,,,,,,,,,,Tencent,True,,1.0.0.1,Win32.Trojan.Hosts2.Hryf,4d1740485713a2ab3a4f5822a01f645fe8387f92,52d3df0ed60c46f336c131bf2ca454f73bafdc4b04dfa2aea80746f5ba9e6d1c,99017f6eebbac24f351415dd410d522d,67.0,54.0,2020-09-15 07:15:31
Hash,99017f6eebbac24f351415dd410d522d,,,,,,,,,,,,,,,,,,,,,,,,,,,,,AVG,True,,18.4.3895.0,Win32:VB-ZOF [Spy],4d1740485713a2ab3a4f5822a01f645fe8387f92,52d3df0ed60c46f336c131bf2ca454f73bafdc4b04dfa2aea80746f5ba9e6d1c,99017f6eebbac24f351415dd410d522d,67.0,54.0,2020-09-15 07:15:31
Hash,99017f6eebbac24f351415dd410d522d,,,,,,,,,,,,,,,,,,,,,,,,,,,,,Arcabit,True,,1.0.0.881,Generic.Malware.V!w.7232B058,4d1740485713a2ab3a4f5822a01f645fe8387f92,52d3df0ed60c46f336c131bf2ca454f73bafdc4b04dfa2aea80746f5ba9e6d1c,99017f6eebbac24f351415dd410d522d,67.0,54.0,2020-09-15 07:15:31
Hash,99017f6eebbac24f351415dd410d522d,,,,,,,,,,,,,,,,,,,,,,,,,,,,,Emsisoft,True,,2018.12.0.1641,Generic.Malware.V!w.7232B058 (B),4d1740485713a2ab3a4f5822a01f645fe8387f92,52d3df0ed60c46f336c131bf2ca454f73bafdc4b04dfa2aea80746f5ba9e6d1c,99017f6eebbac24f351415dd410d522d,67.0,54.0,2020-09-15 07:15:31
Hash,99017f6eebbac24f351415dd410d522d,,,,,,,,,,,,,,,,,,,,,,,,,,,,,Elastic,True,,4.0.8,malicious (high confidence),4d1740485713a2ab3a4f5822a01f645fe8387f92,52d3df0ed60c46f336c131bf2ca454f73bafdc4b04dfa2aea80746f5ba9e6d1c,99017f6eebbac24f351415dd410d522d,67.0,54.0,2020-09-15 07:15:31
Hash,99017f6eebbac24f351415dd410d522d,,,,,,,,,,,,,,,,,,,,,,,,,,,,,F-Secure,True,,12.0.86.52,Trojan.TR/VB.dyo,4d1740485713a2ab3a4f5822a01f645fe8387f92,52d3df0ed60c46f336c131bf2ca454f73bafdc4b04dfa2aea80746f5ba9e6d1c,99017f6eebbac24f351415dd410d522d,67.0,54.0,2020-09-15 07:15:31
Hash,99017f6eebbac24f351415dd410d522d,,,,,,,,,,,,,,,,,,,,,,,,,,,,,Cyren,True,,6.3.0.2,W32/Risk.PCSE-1644,4d1740485713a2ab3a4f5822a01f645fe8387f92,52d3df0ed60c46f336c131bf2ca454f73bafdc4b04dfa2aea80746f5ba9e6d1c,99017f6eebbac24f351415dd410d522d,67.0,54.0,2020-09-15 07:15:31
Hash,99017f6eebbac24f351415dd410d522d,,,,,,,,,,,,,,,,,,,,,,,,,,,,,Kaspersky,True,,15.0.1.13,Trojan.Win32.Hosts2.ydg,4d1740485713a2ab3a4f5822a01f645fe8387f92,52d3df0ed60c46f336c131bf2ca454f73bafdc4b04dfa2aea80746f5ba9e6d1c,99017f6eebbac24f351415dd410d522d,67.0,54.0,2020-09-15 07:15:31
Hash,52d3df0ed60c46f336c131bf2ca454f73bafdc4b04dfa2aea80746f5ba9e6d1c,,,,,,,,,,,,,,,,,,,,,,,,,,,,,ALYac,True,,1.1.1.5,Generic.Malware.V!w.7232B058,4d1740485713a2ab3a4f5822a01f645fe8387f92,52d3df0ed60c46f336c131bf2ca454f73bafdc4b04dfa2aea80746f5ba9e6d1c,99017f6eebbac24f351415dd410d522d,67.0,54.0,2020-09-15 07:15:31
Hash,52d3df0ed60c46f336c131bf2ca454f73bafdc4b04dfa2aea80746f5ba9e6d1c,,,,,,,,,,,,,,,,,,,,,,,,,,,,,FireEye,True,,32.36.1.0,Generic.mg.99017f6eebbac24f,4d1740485713a2ab3a4f5822a01f645fe8387f92,52d3df0ed60c46f336c131bf2ca454f73bafdc4b04dfa2aea80746f5ba9e6d1c,99017f6eebbac24f351415dd410d522d,67.0,54.0,2020-09-15 07:15:31
Hash,52d3df0ed60c46f336c131bf2ca454f73bafdc4b04dfa2aea80746f5ba9e6d1c,,,,,,,,,,,,,,,,,,,,,,,,,,,,,ZoneAlarm,True,,1.0,Trojan.Win32.Hosts2.ydg,4d1740485713a2ab3a4f5822a01f645fe8387f92,52d3df0ed60c46f336c131bf2ca454f73bafdc4b04dfa2aea80746f5ba9e6d1c,99017f6eebbac24f351415dd410d522d,67.0,54.0,2020-09-15 07:15:31
Hash,52d3df0ed60c46f336c131bf2ca454f73bafdc4b04dfa2aea80746f5ba9e6d1c,,,,,,,,,,,,,,,,,,,,,,,,,,,,,K7AntiVirus,True,,11.141.35258,Hacktool ( 0052858a1 ),4d1740485713a2ab3a4f5822a01f645fe8387f92,52d3df0ed60c46f336c131bf2ca454f73bafdc4b04dfa2aea80746f5ba9e6d1c,99017f6eebbac24f351415dd410d522d,67.0,54.0,2020-09-15 07:15:31
Hash,52d3df0ed60c46f336c131bf2ca454f73bafdc4b04dfa2aea80746f5ba9e6d1c,,,,,,,,,,,,,,,,,,,,,,,,,,,,,MicroWorld-eScan,True,,14.0.409.0,Generic.Malware.V!w.7232B058,4d1740485713a2ab3a4f5822a01f645fe8387f92,52d3df0ed60c46f336c131bf2ca454f73bafdc4b04dfa2aea80746f5ba9e6d1c,99017f6eebbac24f351415dd410d522d,67.0,54.0,2020-09-15 07:15:31
Hash,52d3df0ed60c46f336c131bf2ca454f73bafdc4b04dfa2aea80746f5ba9e6d1c,,,,,,,,,,,,,,,,,,,,,,,,,,,,,Sangfor,True,,1.0,Malware,4d1740485713a2ab3a4f5822a01f645fe8387f92,52d3df0ed60c46f336c131bf2ca454f73bafdc4b04dfa2aea80746f5ba9e6d1c,99017f6eebbac24f351415dd410d522d,67.0,54.0,2020-09-15 07:15:31
Hash,52d3df0ed60c46f336c131bf2ca454f73bafdc4b04dfa2aea80746f5ba9e6d1c,,,,,,,,,,,,,,,,,,,,,,,,,,,,,eGambit,True,,,Unsafe.AI_Score_99%,4d1740485713a2ab3a4f5822a01f645fe8387f92,52d3df0ed60c46f336c131bf2ca454f73bafdc4b04dfa2aea80746f5ba9e6d1c,99017f6eebbac24f351415dd410d522d,67.0,54.0,2020-09-15 07:15:31
Hash,52d3df0ed60c46f336c131bf2ca454f73bafdc4b04dfa2aea80746f5ba9e6d1c,,,,,,,,,,,,,,,,,,,,,,,,,,,,,VBA32,True,,4.4.1,SScope.Trojan.VBRA.15773,4d1740485713a2ab3a4f5822a01f645fe8387f92,52d3df0ed60c46f336c131bf2ca454f73bafdc4b04dfa2aea80746f5ba9e6d1c,99017f6eebbac24f351415dd410d522d,67.0,54.0,2020-09-15 07:15:31
Hash,52d3df0ed60c46f336c131bf2ca454f73bafdc4b04dfa2aea80746f5ba9e6d1c,,,,,,,,,,,,,,,,,,,,,,,,,,,,,Symantec,True,,1.12.0.0,Trojan.Klovbot,4d1740485713a2ab3a4f5822a01f645fe8387f92,52d3df0ed60c46f336c131bf2ca454f73bafdc4b04dfa2aea80746f5ba9e6d1c,99017f6eebbac24f351415dd410d522d,67.0,54.0,2020-09-15 07:15:31
Hash,52d3df0ed60c46f336c131bf2ca454f73bafdc4b04dfa2aea80746f5ba9e6d1c,,,,,,,,,,,,,,,,,,,,,,,,,,,,,Fortinet,True,,6.2.142.0,W32/Vb.HT!tr,4d1740485713a2ab3a4f5822a01f645fe8387f92,52d3df0ed60c46f336c131bf2ca454f73bafdc4b04dfa2aea80746f5ba9e6d1c,99017f6eebbac24f351415dd410d522d,67.0,54.0,2020-09-15 07:15:31
Hash,52d3df0ed60c46f336c131bf2ca454f73bafdc4b04dfa2aea80746f5ba9e6d1c,,,,,,,,,,,,,,,,,,,,,,,,,,,,,Webroot,True,,1.0.0.403,Trojan:Win32/Comame,4d1740485713a2ab3a4f5822a01f645fe8387f92,52d3df0ed60c46f336c131bf2ca454f73bafdc4b04dfa2aea80746f5ba9e6d1c,99017f6eebbac24f351415dd410d522d,67.0,54.0,2020-09-15 07:15:31
Hash,52d3df0ed60c46f336c131bf2ca454f73bafdc4b04dfa2aea80746f5ba9e6d1c,,,,,,,,,,,,,,,,,,,,,,,,,,,,,MAX,True,,2019.9.16.1,malware (ai score=100),4d1740485713a2ab3a4f5822a01f645fe8387f92,52d3df0ed60c46f336c131bf2ca454f73bafdc4b04dfa2aea80746f5ba9e6d1c,99017f6eebbac24f351415dd410d522d,67.0,54.0,2020-09-15 07:15:31
Hash,52d3df0ed60c46f336c131bf2ca454f73bafdc4b04dfa2aea80746f5ba9e6d1c,,,,,,,,,,,,,,,,,,,,,,,,,,,,,APEX,True,,6.70,Malicious,4d1740485713a2ab3a4f5822a01f645fe8387f92,52d3df0ed60c46f336c131bf2ca454f73bafdc4b04dfa2aea80746f5ba9e6d1c,99017f6eebbac24f351415dd410d522d,67.0,54.0,2020-09-15 07:15:31
Hash,52d3df0ed60c46f336c131bf2ca454f73bafdc4b04dfa2aea80746f5ba9e6d1c,,,,,,,,,,,,,,,,,,,,,,,,,,,,,Cybereason,True,,1.2.449,malicious.eebbac,4d1740485713a2ab3a4f5822a01f645fe8387f92,52d3df0ed60c46f336c131bf2ca454f73bafdc4b04dfa2aea80746f5ba9e6d1c,99017f6eebbac24f351415dd410d522d,67.0,54.0,2020-09-15 07:15:31
Hash,52d3df0ed60c46f336c131bf2ca454f73bafdc4b04dfa2aea80746f5ba9e6d1c,,,,,,,,,,,,,,,,,,,,,,,,,,,,,ViRobot,True,,2014.3.20.0,Trojan.Win32.VB.28672.CK,4d1740485713a2ab3a4f5822a01f645fe8387f92,52d3df0ed60c46f336c131bf2ca454f73bafdc4b04dfa2aea80746f5ba9e6d1c,99017f6eebbac24f351415dd410d522d,67.0,54.0,2020-09-15 07:15:31
Hash,52d3df0ed60c46f336c131bf2ca454f73bafdc4b04dfa2aea80746f5ba9e6d1c,,,,,,,,,,,,,,,,,,,,,,,,,,,,,Sophos,True,,4.98.0,Troj/VBHost-A,4d1740485713a2ab3a4f5822a01f645fe8387f92,52d3df0ed60c46f336c131bf2ca454f73bafdc4b04dfa2aea80746f5ba9e6d1c,99017f6eebbac24f351415dd410d522d,67.0,54.0,2020-09-15 07:15:31
Hash,52d3df0ed60c46f336c131bf2ca454f73bafdc4b04dfa2aea80746f5ba9e6d1c,,,,,,,,,,,,,,,,,,,,,,,,,,,,,ESET-NOD32,True,,21991,a variant of Win32/Qhost.Banker.BP,4d1740485713a2ab3a4f5822a01f645fe8387f92,52d3df0ed60c46f336c131bf2ca454f73bafdc4b04dfa2aea80746f5ba9e6d1c,99017f6eebbac24f351415dd410d522d,67.0,54.0,2020-09-15 07:15:31
Hash,52d3df0ed60c46f336c131bf2ca454f73bafdc4b04dfa2aea80746f5ba9e6d1c,,,,,,,,,,,,,,,,,,,,,,,,,,,,,Comodo,True,,32668,Suspicious@#3ti95s6395h1t,4d1740485713a2ab3a4f5822a01f645fe8387f92,52d3df0ed60c46f336c131bf2ca454f73bafdc4b04dfa2aea80746f5ba9e6d1c,99017f6eebbac24f351415dd410d522d,67.0,54.0,2020-09-15 07:15:31
Hash,52d3df0ed60c46f336c131bf2ca454f73bafdc4b04dfa2aea80746f5ba9e6d1c,,,,,,,,,,,,,,,,,,,,,,,,,,,,,Panda,True,,4.6.4.2,Adware/AccesMembre,4d1740485713a2ab3a4f5822a01f645fe8387f92,52d3df0ed60c46f336c131bf2ca454f73bafdc4b04dfa2aea80746f5ba9e6d1c,99017f6eebbac24f351415dd410d522d,67.0,54.0,2020-09-15 07:15:31
Hash,52d3df0ed60c46f336c131bf2ca454f73bafdc4b04dfa2aea80746f5ba9e6d1c,,,,,,,,,,,,,,,,,,,,,,,,,,,,,GData,True,,A:25.27019B:27.20176,Generic.Malware.V!w.7232B058,4d1740485713a2ab3a4f5822a01f645fe8387f92,52d3df0ed60c46f336c131bf2ca454f73bafdc4b04dfa2aea80746f5ba9e6d1c,99017f6eebbac24f351415dd410d522d,67.0,54.0,2020-09-15 07:15:31
Hash,52d3df0ed60c46f336c131bf2ca454f73bafdc4b04dfa2aea80746f5ba9e6d1c,,,,,,,,,,,,,,,,,,,,,,,,,,,,,NANO-Antivirus,True,,1.0.134.25140,Trojan.Win32.Hosts2.fldtyw,4d1740485713a2ab3a4f5822a01f645fe8387f92,52d3df0ed60c46f336c131bf2ca454f73bafdc4b04dfa2aea80746f5ba9e6d1c,99017f6eebbac24f351415dd410d522d,67.0,54.0,2020-09-15 07:15:31
Hash,52d3df0ed60c46f336c131bf2ca454f73bafdc4b04dfa2aea80746f5ba9e6d1c,,,,,,,,,,,,,,,,,,,,,,,,,,,,,McAfee,True,,6.0.6.653,RDN/Generic Qhost.e,4d1740485713a2ab3a4f5822a01f645fe8387f92,52d3df0ed60c46f336c131bf2ca454f73bafdc4b04dfa2aea80746f5ba9e6d1c,99017f6eebbac24f351415dd410d522d,67.0,54.0,2020-09-15 07:15:31
Hash,52d3df0ed60c46f336c131bf2ca454f73bafdc4b04dfa2aea80746f5ba9e6d1c,,,,,,,,,,,,,,,,,,,,,,,,,,,,,Qihoo-360,True,,1.0.0.1120,Win32/Trojan.Spy.fd9,4d1740485713a2ab3a4f5822a01f645fe8387f92,52d3df0ed60c46f336c131bf2ca454f73bafdc4b04dfa2aea80746f5ba9e6d1c,99017f6eebbac24f351415dd410d522d,67.0,54.0,2020-09-15 07:15:31
Hash,52d3df0ed60c46f336c131bf2ca454f73bafdc4b04dfa2aea80746f5ba9e6d1c,,,,,,,,,,,,,,,,,,,,,,,,,,,,,TrendMicro-HouseCall,True,,10.0.0.1040,TROJ_VB.JVJ,4d1740485713a2ab3a4f5822a01f645fe8387f92,52d3df0ed60c46f336c131bf2ca454f73bafdc4b04dfa2aea80746f5ba9e6d1c,99017f6eebbac24f351415dd410d522d,67.0,54.0,2020-09-15 07:15:31
Hash,52d3df0ed60c46f336c131bf2ca454f73bafdc4b04dfa2aea80746f5ba9e6d1c,,,,,,,,,,,,,,,,,,,,,,,,,,,,,Cynet,True,,4.0.0.24,Malicious (score: 85),4d1740485713a2ab3a4f5822a01f645fe8387f92,52d3df0ed60c46f336c131bf2ca454f73bafdc4b04dfa2aea80746f5ba9e6d1c,99017f6eebbac24f351415dd410d522d,67.0,54.0,2020-09-15 07:15:31
Hash,52d3df0ed60c46f336c131bf2ca454f73bafdc4b04dfa2aea80746f5ba9e6d1c,,,,,,,,,,,,,,,,,,,,,,,,,,,,,DrWeb,True,,7.0.49.9080,Trojan.Hosts.37,4d1740485713a2ab3a4f5822a01f645fe8387f92,52d3df0ed60c46f336c131bf2ca454f73bafdc4b04dfa2aea80746f5ba9e6d1c,99017f6eebbac24f351415dd410d522d,67.0,54.0,2020-09-15 07:15:31
Hash,52d3df0ed60c46f336c131bf2ca454f73bafdc4b04dfa2aea80746f5ba9e6d1c,,,,,,,,,,,,,,,,,,,,,,,,,,,,,CrowdStrike,True,,1.0,win/malicious_confidence_80% (W),4d1740485713a2ab3a4f5822a01f645fe8387f92,52d3df0ed60c46f336c131bf2ca454f73bafdc4b04dfa2aea80746f5ba9e6d1c,99017f6eebbac24f351415dd410d522d,67.0,54.0,2020-09-15 07:15:31
Hash,52d3df0ed60c46f336c131bf2ca454f73bafdc4b04dfa2aea80746f5ba9e6d1c,,,,,,,,,,,,,,,,,,,,,,,,,,,,,VIPRE,True,,86704,Trojan.Win32.Generic!BT,4d1740485713a2ab3a4f5822a01f645fe8387f92,52d3df0ed60c46f336c131bf2ca454f73bafdc4b04dfa2aea80746f5ba9e6d1c,99017f6eebbac24f351415dd410d522d,67.0,54.0,2020-09-15 07:15:31
Hash,52d3df0ed60c46f336c131bf2ca454f73bafdc4b04dfa2aea80746f5ba9e6d1c,,,,,,,,,,,,,,,,,,,,,,,,,,,,,Zillya,True,,2.0.0.4176,Trojan.VB.Win32.33493,4d1740485713a2ab3a4f5822a01f645fe8387f92,52d3df0ed60c46f336c131bf2ca454f73bafdc4b04dfa2aea80746f5ba9e6d1c,99017f6eebbac24f351415dd410d522d,67.0,54.0,2020-09-15 07:15:31
Hash,52d3df0ed60c46f336c131bf2ca454f73bafdc4b04dfa2aea80746f5ba9e6d1c,,,,,,,,,,,,,,,,,,,,,,,,,,,,,Microsoft,True,,1.1.17400.5,Trojan:Win32/Comame!rfn,4d1740485713a2ab3a4f5822a01f645fe8387f92,52d3df0ed60c46f336c131bf2ca454f73bafdc4b04dfa2aea80746f5ba9e6d1c,99017f6eebbac24f351415dd410d522d,67.0,54.0,2020-09-15 07:15:31
Hash,52d3df0ed60c46f336c131bf2ca454f73bafdc4b04dfa2aea80746f5ba9e6d1c,,,,,,,,,,,,,,,,,,,,,,,,,,,,,BitDefenderTheta,True,,7.2.37796.0,AI:Packer.4D598F5F1F,4d1740485713a2ab3a4f5822a01f645fe8387f92,52d3df0ed60c46f336c131bf2ca454f73bafdc4b04dfa2aea80746f5ba9e6d1c,99017f6eebbac24f351415dd410d522d,67.0,54.0,2020-09-15 07:15:31
Hash,52d3df0ed60c46f336c131bf2ca454f73bafdc4b04dfa2aea80746f5ba9e6d1c,,,,,,,,,,,,,,,,,,,,,,,,,,,,,Ikarus,True,,0.1.5.2,Trojan.Win32.Qhost,4d1740485713a2ab3a4f5822a01f645fe8387f92,52d3df0ed60c46f336c131bf2ca454f73bafdc4b04dfa2aea80746f5ba9e6d1c,99017f6eebbac24f351415dd410d522d,67.0,54.0,2020-09-15 07:15:31
Hash,52d3df0ed60c46f336c131bf2ca454f73bafdc4b04dfa2aea80746f5ba9e6d1c,,,,,,,,,,,,,,,,,,,,,,,,,,,,,Avira,True,,8.3.3.8,TR/VB.dyo,4d1740485713a2ab3a4f5822a01f645fe8387f92,52d3df0ed60c46f336c131bf2ca454f73bafdc4b04dfa2aea80746f5ba9e6d1c,99017f6eebbac24f351415dd410d522d,67.0,54.0,2020-09-15 07:15:31
Hash,52d3df0ed60c46f336c131bf2ca454f73bafdc4b04dfa2aea80746f5ba9e6d1c,,,,,,,,,,,,,,,,,,,,,,,,,,,,,Bkav,True,,1.3.0.9899,W32.AIDetectVM.malware1,4d1740485713a2ab3a4f5822a01f645fe8387f92,52d3df0ed60c46f336c131bf2ca454f73bafdc4b04dfa2aea80746f5ba9e6d1c,99017f6eebbac24f351415dd410d522d,67.0,54.0,2020-09-15 07:15:31
Hash,52d3df0ed60c46f336c131bf2ca454f73bafdc4b04dfa2aea80746f5ba9e6d1c,,,,,,,,,,,,,,,,,,,,,,,,,,,,,TrendMicro,True,,11.0.0.1006,TROJ_VB.JVJ,4d1740485713a2ab3a4f5822a01f645fe8387f92,52d3df0ed60c46f336c131bf2ca454f73bafdc4b04dfa2aea80746f5ba9e6d1c,99017f6eebbac24f351415dd410d522d,67.0,54.0,2020-09-15 07:15:31
Hash,52d3df0ed60c46f336c131bf2ca454f73bafdc4b04dfa2aea80746f5ba9e6d1c,,,,,,,,,,,,,,,,,,,,,,,,,,,,,Rising,True,,25.0.0.26,Trojan.Qhost!8.1B0 (TFE:4:4NUfN7TXJ2D),4d1740485713a2ab3a4f5822a01f645fe8387f92,52d3df0ed60c46f336c131bf2ca454f73bafdc4b04dfa2aea80746f5ba9e6d1c,99017f6eebbac24f351415dd410d522d,67.0,54.0,2020-09-15 07:15:31
Hash,52d3df0ed60c46f336c131bf2ca454f73bafdc4b04dfa2aea80746f5ba9e6d1c,,,,,,,,,,,,,,,,,,,,,,,,,,,,,BitDefender,True,,7.2,Generic.Malware.V!w.7232B058,4d1740485713a2ab3a4f5822a01f645fe8387f92,52d3df0ed60c46f336c131bf2ca454f73bafdc4b04dfa2aea80746f5ba9e6d1c,99017f6eebbac24f351415dd410d522d,67.0,54.0,2020-09-15 07:15:31
Hash,52d3df0ed60c46f336c131bf2ca454f73bafdc4b04dfa2aea80746f5ba9e6d1c,,,,,,,,,,,,,,,,,,,,,,,,,,,,,Ad-Aware,True,,3.0.16.117,Generic.Malware.V!w.7232B058,4d1740485713a2ab3a4f5822a01f645fe8387f92,52d3df0ed60c46f336c131bf2ca454f73bafdc4b04dfa2aea80746f5ba9e6d1c,99017f6eebbac24f351415dd410d522d,67.0,54.0,2020-09-15 07:15:31
Hash,52d3df0ed60c46f336c131bf2ca454f73bafdc4b04dfa2aea80746f5ba9e6d1c,,,,,,,,,,,,,,,,,,,,,,,,,,,,,Jiangmin,True,,16.0.100,Trojan/VB.ckhw,4d1740485713a2ab3a4f5822a01f645fe8387f92,52d3df0ed60c46f336c131bf2ca454f73bafdc4b04dfa2aea80746f5ba9e6d1c,99017f6eebbac24f351415dd410d522d,67.0,54.0,2020-09-15 07:15:31
Hash,52d3df0ed60c46f336c131bf2ca454f73bafdc4b04dfa2aea80746f5ba9e6d1c,,,,,,,,,,,,,,,,,,,,,,,,,,,,,Alibaba,True,,0.3.0.5,Trojan:Win32/Hosts2.690bb821,4d1740485713a2ab3a4f5822a01f645fe8387f92,52d3df0ed60c46f336c131bf2ca454f73bafdc4b04dfa2aea80746f5ba9e6d1c,99017f6eebbac24f351415dd410d522d,67.0,54.0,2020-09-15 07:15:31
Hash,52d3df0ed60c46f336c131bf2ca454f73bafdc4b04dfa2aea80746f5ba9e6d1c,,,,,,,,,,,,,,,,,,,,,,,,,,,,,Antiy-AVL,True,,3.0.0.1,Trojan/Win32.Hosts2,4d1740485713a2ab3a4f5822a01f645fe8387f92,52d3df0ed60c46f336c131bf2ca454f73bafdc4b04dfa2aea80746f5ba9e6d1c,99017f6eebbac24f351415dd410d522d,67.0,54.0,2020-09-15 07:15:31
Hash,52d3df0ed60c46f336c131bf2ca454f73bafdc4b04dfa2aea80746f5ba9e6d1c,,,,,,,,,,,,,,,,,,,,,,,,,,,,,Cylance,True,,2.3.1.101,Unsafe,4d1740485713a2ab3a4f5822a01f645fe8387f92,52d3df0ed60c46f336c131bf2ca454f73bafdc4b04dfa2aea80746f5ba9e6d1c,99017f6eebbac24f351415dd410d522d,67.0,54.0,2020-09-15 07:15:31
Hash,52d3df0ed60c46f336c131bf2ca454f73bafdc4b04dfa2aea80746f5ba9e6d1c,,,,,,,,,,,,,,,,,,,,,,,,,,,,,K7GW,True,,11.141.35258,Hacktool ( 0052858a1 ),4d1740485713a2ab3a4f5822a01f645fe8387f92,52d3df0ed60c46f336c131bf2ca454f73bafdc4b04dfa2aea80746f5ba9e6d1c,99017f6eebbac24f351415dd410d522d,67.0,54.0,2020-09-15 07:15:31
Hash,52d3df0ed60c46f336c131bf2ca454f73bafdc4b04dfa2aea80746f5ba9e6d1c,,,,,,,,,,,,,,,,,,,,,,,,,,,,,Paloalto,True,,1.0,generic.ml,4d1740485713a2ab3a4f5822a01f645fe8387f92,52d3df0ed60c46f336c131bf2ca454f73bafdc4b04dfa2aea80746f5ba9e6d1c,99017f6eebbac24f351415dd410d522d,67.0,54.0,2020-09-15 07:15:31
Hash,52d3df0ed60c46f336c131bf2ca454f73bafdc4b04dfa2aea80746f5ba9e6d1c,,,,,,,,,,,,,,,,,,,,,,,,,,,,,Avast,True,,18.4.3895.0,Win32:VB-ZOF [Spy],4d1740485713a2ab3a4f5822a01f645fe8387f92,52d3df0ed60c46f336c131bf2ca454f73bafdc4b04dfa2aea80746f5ba9e6d1c,99017f6eebbac24f351415dd410d522d,67.0,54.0,2020-09-15 07:15:31
Hash,52d3df0ed60c46f336c131bf2ca454f73bafdc4b04dfa2aea80746f5ba9e6d1c,,,,,,,,,,,,,,,,,,,,,,,,,,,,,MaxSecure,True,,1.0.0.1,Trojan.Malware.300983.susgen,4d1740485713a2ab3a4f5822a01f645fe8387f92,52d3df0ed60c46f336c131bf2ca454f73bafdc4b04dfa2aea80746f5ba9e6d1c,99017f6eebbac24f351415dd410d522d,67.0,54.0,2020-09-15 07:15:31
Hash,52d3df0ed60c46f336c131bf2ca454f73bafdc4b04dfa2aea80746f5ba9e6d1c,,,,,,,,,,,,,,,,,,,,,,,,,,,,,Tencent,True,,1.0.0.1,Win32.Trojan.Hosts2.Hryf,4d1740485713a2ab3a4f5822a01f645fe8387f92,52d3df0ed60c46f336c131bf2ca454f73bafdc4b04dfa2aea80746f5ba9e6d1c,99017f6eebbac24f351415dd410d522d,67.0,54.0,2020-09-15 07:15:31
Hash,52d3df0ed60c46f336c131bf2ca454f73bafdc4b04dfa2aea80746f5ba9e6d1c,,,,,,,,,,,,,,,,,,,,,,,,,,,,,AVG,True,,18.4.3895.0,Win32:VB-ZOF [Spy],4d1740485713a2ab3a4f5822a01f645fe8387f92,52d3df0ed60c46f336c131bf2ca454f73bafdc4b04dfa2aea80746f5ba9e6d1c,99017f6eebbac24f351415dd410d522d,67.0,54.0,2020-09-15 07:15:31
Hash,52d3df0ed60c46f336c131bf2ca454f73bafdc4b04dfa2aea80746f5ba9e6d1c,,,,,,,,,,,,,,,,,,,,,,,,,,,,,Arcabit,True,,1.0.0.881,Generic.Malware.V!w.7232B058,4d1740485713a2ab3a4f5822a01f645fe8387f92,52d3df0ed60c46f336c131bf2ca454f73bafdc4b04dfa2aea80746f5ba9e6d1c,99017f6eebbac24f351415dd410d522d,67.0,54.0,2020-09-15 07:15:31
Hash,52d3df0ed60c46f336c131bf2ca454f73bafdc4b04dfa2aea80746f5ba9e6d1c,,,,,,,,,,,,,,,,,,,,,,,,,,,,,Emsisoft,True,,2018.12.0.1641,Generic.Malware.V!w.7232B058 (B),4d1740485713a2ab3a4f5822a01f645fe8387f92,52d3df0ed60c46f336c131bf2ca454f73bafdc4b04dfa2aea80746f5ba9e6d1c,99017f6eebbac24f351415dd410d522d,67.0,54.0,2020-09-15 07:15:31
Hash,52d3df0ed60c46f336c131bf2ca454f73bafdc4b04dfa2aea80746f5ba9e6d1c,,,,,,,,,,,,,,,,,,,,,,,,,,,,,Elastic,True,,4.0.8,malicious (high confidence),4d1740485713a2ab3a4f5822a01f645fe8387f92,52d3df0ed60c46f336c131bf2ca454f73bafdc4b04dfa2aea80746f5ba9e6d1c,99017f6eebbac24f351415dd410d522d,67.0,54.0,2020-09-15 07:15:31
Hash,52d3df0ed60c46f336c131bf2ca454f73bafdc4b04dfa2aea80746f5ba9e6d1c,,,,,,,,,,,,,,,,,,,,,,,,,,,,,F-Secure,True,,12.0.86.52,Trojan.TR/VB.dyo,4d1740485713a2ab3a4f5822a01f645fe8387f92,52d3df0ed60c46f336c131bf2ca454f73bafdc4b04dfa2aea80746f5ba9e6d1c,99017f6eebbac24f351415dd410d522d,67.0,54.0,2020-09-15 07:15:31
Hash,52d3df0ed60c46f336c131bf2ca454f73bafdc4b04dfa2aea80746f5ba9e6d1c,,,,,,,,,,,,,,,,,,,,,,,,,,,,,Cyren,True,,6.3.0.2,W32/Risk.PCSE-1644,4d1740485713a2ab3a4f5822a01f645fe8387f92,52d3df0ed60c46f336c131bf2ca454f73bafdc4b04dfa2aea80746f5ba9e6d1c,99017f6eebbac24f351415dd410d522d,67.0,54.0,2020-09-15 07:15:31
Hash,52d3df0ed60c46f336c131bf2ca454f73bafdc4b04dfa2aea80746f5ba9e6d1c,,,,,,,,,,,,,,,,,,,,,,,,,,,,,Kaspersky,True,,15.0.1.13,Trojan.Win32.Hosts2.ydg,4d1740485713a2ab3a4f5822a01f645fe8387f92,52d3df0ed60c46f336c131bf2ca454f73bafdc4b04dfa2aea80746f5ba9e6d1c,99017f6eebbac24f351415dd410d522d,67.0,54.0,2020-09-15 07:15:31
Hash,a9e077d94df09e92d75ec56c17df28f92e140bfddad45c483b4524f689226f1c,,,,,,,,,,,,,,,,,,,,,,,,,,,,,ALYac,True,,1.1.1.5,Gen:Variant.Unruy.1,a5c03f6208b52ec5d59ae339473e61ac266fee00,a9e077d94df09e92d75ec56c17df28f92e140bfddad45c483b4524f689226f1c,a349a8ba295df0d37e458e97474ff308,70.0,62.0,2020-09-26 00:23:29
Hash,a9e077d94df09e92d75ec56c17df28f92e140bfddad45c483b4524f689226f1c,,,,,,,,,,,,,,,,,,,,,,,,,,,,,FireEye,True,,32.36.1.0,Generic.mg.a349a8ba295df0d3,a5c03f6208b52ec5d59ae339473e61ac266fee00,a9e077d94df09e92d75ec56c17df28f92e140bfddad45c483b4524f689226f1c,a349a8ba295df0d37e458e97474ff308,70.0,62.0,2020-09-26 00:23:29
Hash,a9e077d94df09e92d75ec56c17df28f92e140bfddad45c483b4524f689226f1c,,,,,,,,,,,,,,,,,,,,,,,,,,,,,Yandex,True,,5.5.2.24,Trojan.CL.Cycler!3C0NloBXfpk,a5c03f6208b52ec5d59ae339473e61ac266fee00,a9e077d94df09e92d75ec56c17df28f92e140bfddad45c483b4524f689226f1c,a349a8ba295df0d37e458e97474ff308,70.0,62.0,2020-09-26 00:23:29
Hash,a9e077d94df09e92d75ec56c17df28f92e140bfddad45c483b4524f689226f1c,,,,,,,,,,,,,,,,,,,,,,,,,,,,,ZoneAlarm,True,,1.0,Trojan-Clicker.Win32.Cycler.gq,a5c03f6208b52ec5d59ae339473e61ac266fee00,a9e077d94df09e92d75ec56c17df28f92e140bfddad45c483b4524f689226f1c,a349a8ba295df0d37e458e97474ff308,70.0,62.0,2020-09-26 00:23:29
Hash,a9e077d94df09e92d75ec56c17df28f92e140bfddad45c483b4524f689226f1c,,,,,,,,,,,,,,,,,,,,,,,,,,,,,K7AntiVirus,True,,11.141.35306,Trojan-Downloader ( 005323c21 ),a5c03f6208b52ec5d59ae339473e61ac266fee00,a9e077d94df09e92d75ec56c17df28f92e140bfddad45c483b4524f689226f1c,a349a8ba295df0d37e458e97474ff308,70.0,62.0,2020-09-26 00:23:29
Hash,a9e077d94df09e92d75ec56c17df28f92e140bfddad45c483b4524f689226f1c,,,,,,,,,,,,,,,,,,,,,,,,,,,,,MicroWorld-eScan,True,,14.0.409.0,Gen:Variant.Unruy.1,a5c03f6208b52ec5d59ae339473e61ac266fee00,a9e077d94df09e92d75ec56c17df28f92e140bfddad45c483b4524f689226f1c,a349a8ba295df0d37e458e97474ff308,70.0,62.0,2020-09-26 00:23:29
Hash,a9e077d94df09e92d75ec56c17df28f92e140bfddad45c483b4524f689226f1c,,,,,,,,,,,,,,,,,,,,,,,,,,,,,Sangfor,True,,1.0,Malware,a5c03f6208b52ec5d59ae339473e61ac266fee00,a9e077d94df09e92d75ec56c17df28f92e140bfddad45c483b4524f689226f1c,a349a8ba295df0d37e458e97474ff308,70.0,62.0,2020-09-26 00:23:29
Hash,a9e077d94df09e92d75ec56c17df28f92e140bfddad45c483b4524f689226f1c,,,,,,,,,,,,,,,,,,,,,,,,,,,,,eGambit,True,,,Unsafe.AI_Score_99%,a5c03f6208b52ec5d59ae339473e61ac266fee00,a9e077d94df09e92d75ec56c17df28f92e140bfddad45c483b4524f689226f1c,a349a8ba295df0d37e458e97474ff308,70.0,62.0,2020-09-26 00:23:29
Hash,a9e077d94df09e92d75ec56c17df28f92e140bfddad45c483b4524f689226f1c,,,,,,,,,,,,,,,,,,,,,,,,,,,,,VBA32,True,,4.4.1,TrojanClicker.Cycler,a5c03f6208b52ec5d59ae339473e61ac266fee00,a9e077d94df09e92d75ec56c17df28f92e140bfddad45c483b4524f689226f1c,a349a8ba295df0d37e458e97474ff308,70.0,62.0,2020-09-26 00:23:29
Hash,a9e077d94df09e92d75ec56c17df28f92e140bfddad45c483b4524f689226f1c,,,,,,,,,,,,,,,,,,,,,,,,,,,,,Symantec,True,,1.12.0.0,ML.Attribute.HighConfidence,a5c03f6208b52ec5d59ae339473e61ac266fee00,a9e077d94df09e92d75ec56c17df28f92e140bfddad45c483b4524f689226f1c,a349a8ba295df0d37e458e97474ff308,70.0,62.0,2020-09-26 00:23:29
Hash,a9e077d94df09e92d75ec56c17df28f92e140bfddad45c483b4524f689226f1c,,,,,,,,,,,,,,,,,,,,,,,,,,,,,Fortinet,True,,6.2.142.0,W32/Unruy.BK!tr.dldr,a5c03f6208b52ec5d59ae339473e61ac266fee00,a9e077d94df09e92d75ec56c17df28f92e140bfddad45c483b4524f689226f1c,a349a8ba295df0d37e458e97474ff308,70.0,62.0,2020-09-26 00:23:29
Hash,a9e077d94df09e92d75ec56c17df28f92e140bfddad45c483b4524f689226f1c,,,,,,,,,,,,,,,,,,,,,,,,,,,,,Webroot,True,,1.0.0.403,W32.Malware.Downloader,a5c03f6208b52ec5d59ae339473e61ac266fee00,a9e077d94df09e92d75ec56c17df28f92e140bfddad45c483b4524f689226f1c,a349a8ba295df0d37e458e97474ff308,70.0,62.0,2020-09-26 00:23:29
Hash,a9e077d94df09e92d75ec56c17df28f92e140bfddad45c483b4524f689226f1c,,,,,,,,,,,,,,,,,,,,,,,,,,,,,MAX,True,,2019.9.16.1,malware (ai score=86),a5c03f6208b52ec5d59ae339473e61ac266fee00,a9e077d94df09e92d75ec56c17df28f92e140bfddad45c483b4524f689226f1c,a349a8ba295df0d37e458e97474ff308,70.0,62.0,2020-09-26 00:23:29
Hash,a9e077d94df09e92d75ec56c17df28f92e140bfddad45c483b4524f689226f1c,,,,,,,,,,,,,,,,,,,,,,,,,,,,,APEX,True,,6.74,Malicious,a5c03f6208b52ec5d59ae339473e61ac266fee00,a9e077d94df09e92d75ec56c17df28f92e140bfddad45c483b4524f689226f1c,a349a8ba295df0d37e458e97474ff308,70.0,62.0,2020-09-26 00:23:29
Hash,a9e077d94df09e92d75ec56c17df28f92e140bfddad45c483b4524f689226f1c,,,,,,,,,,,,,,,,,,,,,,,,,,,,,Cybereason,True,,1.2.449,malicious.a295df,a5c03f6208b52ec5d59ae339473e61ac266fee00,a9e077d94df09e92d75ec56c17df28f92e140bfddad45c483b4524f689226f1c,a349a8ba295df0d37e458e97474ff308,70.0,62.0,2020-09-26 00:23:29
Hash,a9e077d94df09e92d75ec56c17df28f92e140bfddad45c483b4524f689226f1c,,,,,,,,,,,,,,,,,,,,,,,,,,,,,ViRobot,True,,2014.3.20.0,Trojan.Win32.Clicker.39446,a5c03f6208b52ec5d59ae339473e61ac266fee00,a9e077d94df09e92d75ec56c17df28f92e140bfddad45c483b4524f689226f1c,a349a8ba295df0d37e458e97474ff308,70.0,62.0,2020-09-26 00:23:29
Hash,a9e077d94df09e92d75ec56c17df28f92e140bfddad45c483b4524f689226f1c,,,,,,,,,,,,,,,,,,,,,,,,,,,,,SentinelOne,True,,4.4.0.0,DFI - Malicious PE,a5c03f6208b52ec5d59ae339473e61ac266fee00,a9e077d94df09e92d75ec56c17df28f92e140bfddad45c483b4524f689226f1c,a349a8ba295df0d37e458e97474ff308,70.0,62.0,2020-09-26 00:23:29
Hash,a9e077d94df09e92d75ec56c17df28f92e140bfddad45c483b4524f689226f1c,,,,,,,,,,,,,,,,,,,,,,,,,,,,,Sophos,True,,4.98.0,Troj/Clickr-N,a5c03f6208b52ec5d59ae339473e61ac266fee00,a9e077d94df09e92d75ec56c17df28f92e140bfddad45c483b4524f689226f1c,a349a8ba295df0d37e458e97474ff308,70.0,62.0,2020-09-26 00:23:29
Hash,a9e077d94df09e92d75ec56c17df28f92e140bfddad45c483b4524f689226f1c,,,,,,,,,,,,,,,,,,,,,,,,,,,,,Elastic,True,,4.0.9,malicious (high confidence),a5c03f6208b52ec5d59ae339473e61ac266fee00,a9e077d94df09e92d75ec56c17df28f92e140bfddad45c483b4524f689226f1c,a349a8ba295df0d37e458e97474ff308,70.0,62.0,2020-09-26 00:23:29
Hash,a9e077d94df09e92d75ec56c17df28f92e140bfddad45c483b4524f689226f1c,,,,,,,,,,,,,,,,,,,,,,,,,,,,,Comodo,True,,32844,TrojWare.Win32.TrojanClicker.Cycler.GQ@1d3si3,a5c03f6208b52ec5d59ae339473e61ac266fee00,a9e077d94df09e92d75ec56c17df28f92e140bfddad45c483b4524f689226f1c,a349a8ba295df0d37e458e97474ff308,70.0,62.0,2020-09-26 00:23:29
Hash,a9e077d94df09e92d75ec56c17df28f92e140bfddad45c483b4524f689226f1c,,,,,,,,,,,,,,,,,,,,,,,,,,,,,Panda,True,,4.6.4.2,Trj/Clicker.AQR,a5c03f6208b52ec5d59ae339473e61ac266fee00,a9e077d94df09e92d75ec56c17df28f92e140bfddad45c483b4524f689226f1c,a349a8ba295df0d37e458e97474ff308,70.0,62.0,2020-09-26 00:23:29
Hash,a9e077d94df09e92d75ec56c17df28f92e140bfddad45c483b4524f689226f1c,,,,,,,,,,,,,,,,,,,,,,,,,,,,,TotalDefense,True,,37.1.62.1,Win32/Cycler.A,a5c03f6208b52ec5d59ae339473e61ac266fee00,a9e077d94df09e92d75ec56c17df28f92e140bfddad45c483b4524f689226f1c,a349a8ba295df0d37e458e97474ff308,70.0,62.0,2020-09-26 00:23:29
Hash,a9e077d94df09e92d75ec56c17df28f92e140bfddad45c483b4524f689226f1c,,,,,,,,,,,,,,,,,,,,,,,,,,,,,GData,True,,A:25.27132B:27.20299,Gen:Variant.Unruy.1,a5c03f6208b52ec5d59ae339473e61ac266fee00,a9e077d94df09e92d75ec56c17df28f92e140bfddad45c483b4524f689226f1c,a349a8ba295df0d37e458e97474ff308,70.0,62.0,2020-09-26 00:23:29
Hash,a9e077d94df09e92d75ec56c17df28f92e140bfddad45c483b4524f689226f1c,,,,,,,,,,,,,,,,,,,,,,,,,,,,,NANO-Antivirus,True,,1.0.134.25169,Trojan.Win32.Cycler.vvftm,a5c03f6208b52ec5d59ae339473e61ac266fee00,a9e077d94df09e92d75ec56c17df28f92e140bfddad45c483b4524f689226f1c,a349a8ba295df0d37e458e97474ff308,70.0,62.0,2020-09-26 00:23:29
Hash,a9e077d94df09e92d75ec56c17df28f92e140bfddad45c483b4524f689226f1c,,,,,,,,,,,,,,,,,,,,,,,,,,,,,McAfee,True,,6.0.6.653,Downloader-BPA.j.b,a5c03f6208b52ec5d59ae339473e61ac266fee00,a9e077d94df09e92d75ec56c17df28f92e140bfddad45c483b4524f689226f1c,a349a8ba295df0d37e458e97474ff308,70.0,62.0,2020-09-26 00:23:29
Hash,a9e077d94df09e92d75ec56c17df28f92e140bfddad45c483b4524f689226f1c,,,,,,,,,,,,,,,,,,,,,,,,,,,,,Acronis,True,,1.1.1.78,suspicious,a5c03f6208b52ec5d59ae339473e61ac266fee00,a9e077d94df09e92d75ec56c17df28f92e140bfddad45c483b4524f689226f1c,a349a8ba295df0d37e458e97474ff308,70.0,62.0,2020-09-26 00:23:29
Hash,a9e077d94df09e92d75ec56c17df28f92e140bfddad45c483b4524f689226f1c,,,,,,,,,,,,,,,,,,,,,,,,,,,,,CrowdStrike,True,,1.0,win/malicious_confidence_100% (D),a5c03f6208b52ec5d59ae339473e61ac266fee00,a9e077d94df09e92d75ec56c17df28f92e140bfddad45c483b4524f689226f1c,a349a8ba295df0d37e458e97474ff308,70.0,62.0,2020-09-26 00:23:29
Hash,a9e077d94df09e92d75ec56c17df28f92e140bfddad45c483b4524f689226f1c,,,,,,,,,,,,,,,,,,,,,,,,,,,,,Qihoo-360,True,,1.0.0.1120,HEUR/QVM07.1.2CCF.Malware.Gen,a5c03f6208b52ec5d59ae339473e61ac266fee00,a9e077d94df09e92d75ec56c17df28f92e140bfddad45c483b4524f689226f1c,a349a8ba295df0d37e458e97474ff308,70.0,62.0,2020-09-26 00:23:29
Hash,a9e077d94df09e92d75ec56c17df28f92e140bfddad45c483b4524f689226f1c,,,,,,,,,,,,,,,,,,,,,,,,,,,,,TrendMicro-HouseCall,True,,10.0.0.1040,TROJ_UNRUY.SMT,a5c03f6208b52ec5d59ae339473e61ac266fee00,a9e077d94df09e92d75ec56c17df28f92e140bfddad45c483b4524f689226f1c,a349a8ba295df0d37e458e97474ff308,70.0,62.0,2020-09-26 00:23:29
Hash,a9e077d94df09e92d75ec56c17df28f92e140bfddad45c483b4524f689226f1c,,,,,,,,,,,,,,,,,,,,,,,,,,,,,Cynet,True,,4.0.0.24,Malicious (score: 100),a5c03f6208b52ec5d59ae339473e61ac266fee00,a9e077d94df09e92d75ec56c17df28f92e140bfddad45c483b4524f689226f1c,a349a8ba295df0d37e458e97474ff308,70.0,62.0,2020-09-26 00:23:29
Hash,a9e077d94df09e92d75ec56c17df28f92e140bfddad45c483b4524f689226f1c,,,,,,,,,,,,,,,,,,,,,,,,,,,,,DrWeb,True,,7.0.49.9080,Trojan.Inject3.24148,a5c03f6208b52ec5d59ae339473e61ac266fee00,a9e077d94df09e92d75ec56c17df28f92e140bfddad45c483b4524f689226f1c,a349a8ba295df0d37e458e97474ff308,70.0,62.0,2020-09-26 00:23:29
Hash,a9e077d94df09e92d75ec56c17df28f92e140bfddad45c483b4524f689226f1c,,,,,,,,,,,,,,,,,,,,,,,,,,,,,VIPRE,True,,86964,Trojan-Downloader.Win32.Unruy.C (v),a5c03f6208b52ec5d59ae339473e61ac266fee00,a9e077d94df09e92d75ec56c17df28f92e140bfddad45c483b4524f689226f1c,a349a8ba295df0d37e458e97474ff308,70.0,62.0,2020-09-26 00:23:29
Hash,a9e077d94df09e92d75ec56c17df28f92e140bfddad45c483b4524f689226f1c,,,,,,,,,,,,,,,,,,,,,,,,,,,,,Baidu,True,,1.0.0.2,Win32.Trojan-Clicker.Cycler.a,a5c03f6208b52ec5d59ae339473e61ac266fee00,a9e077d94df09e92d75ec56c17df28f92e140bfddad45c483b4524f689226f1c,a349a8ba295df0d37e458e97474ff308,70.0,62.0,2020-09-26 00:23:29
Hash,a9e077d94df09e92d75ec56c17df28f92e140bfddad45c483b4524f689226f1c,,,,,,,,,,,,,,,,,,,,,,,,,,,,,ESET-NOD32,True,,22051,Win32/TrojanDownloader.Unruy.AT,a5c03f6208b52ec5d59ae339473e61ac266fee00,a9e077d94df09e92d75ec56c17df28f92e140bfddad45c483b4524f689226f1c,a349a8ba295df0d37e458e97474ff308,70.0,62.0,2020-09-26 00:23:29
Hash,a9e077d94df09e92d75ec56c17df28f92e140bfddad45c483b4524f689226f1c,,,,,,,,,,,,,,,,,,,,,,,,,,,,,Zillya,True,,2.0.0.4182,Trojan.Cycler.Win32.3,a5c03f6208b52ec5d59ae339473e61ac266fee00,a9e077d94df09e92d75ec56c17df28f92e140bfddad45c483b4524f689226f1c,a349a8ba295df0d37e458e97474ff308,70.0,62.0,2020-09-26 00:23:29
Hash,a9e077d94df09e92d75ec56c17df28f92e140bfddad45c483b4524f689226f1c,,,,,,,,,,,,,,,,,,,,,,,,,,,,,Microsoft,True,,1.1.17400.5,TrojanDownloader:Win32/Unruy.C,a5c03f6208b52ec5d59ae339473e61ac266fee00,a9e077d94df09e92d75ec56c17df28f92e140bfddad45c483b4524f689226f1c,a349a8ba295df0d37e458e97474ff308,70.0,62.0,2020-09-26 00:23:29
Hash,a9e077d94df09e92d75ec56c17df28f92e140bfddad45c483b4524f689226f1c,,,,,,,,,,,,,,,,,,,,,,,,,,,,,BitDefenderTheta,True,,7.2.37796.0,AI:Packer.D7ABA6C41E,a5c03f6208b52ec5d59ae339473e61ac266fee00,a9e077d94df09e92d75ec56c17df28f92e140bfddad45c483b4524f689226f1c,a349a8ba295df0d37e458e97474ff308,70.0,62.0,2020-09-26 00:23:29
Hash,a9e077d94df09e92d75ec56c17df28f92e140bfddad45c483b4524f689226f1c,,,,,,,,,,,,,,,,,,,,,,,,,,,,,Ikarus,True,,0.1.5.2,Trojan-Downloader.Win32.Unruy,a5c03f6208b52ec5d59ae339473e61ac266fee00,a9e077d94df09e92d75ec56c17df28f92e140bfddad45c483b4524f689226f1c,a349a8ba295df0d37e458e97474ff308,70.0,62.0,2020-09-26 00:23:29
Hash,a9e077d94df09e92d75ec56c17df28f92e140bfddad45c483b4524f689226f1c,,,,,,,,,,,,,,,,,,,,,,,,,,,,,ClamAV,True,,0.102.3.0,Win.Trojan.Agent-190502,a5c03f6208b52ec5d59ae339473e61ac266fee00,a9e077d94df09e92d75ec56c17df28f92e140bfddad45c483b4524f689226f1c,a349a8ba295df0d37e458e97474ff308,70.0,62.0,2020-09-26 00:23:29
Hash,a9e077d94df09e92d75ec56c17df28f92e140bfddad45c483b4524f689226f1c,,,,,,,,,,,,,,,,,,,,,,,,,,,,,Avira,True,,8.3.3.8,TR/Dldr.Agent.39446,a5c03f6208b52ec5d59ae339473e61ac266fee00,a9e077d94df09e92d75ec56c17df28f92e140bfddad45c483b4524f689226f1c,a349a8ba295df0d37e458e97474ff308,70.0,62.0,2020-09-26 00:23:29
Hash,a9e077d94df09e92d75ec56c17df28f92e140bfddad45c483b4524f689226f1c,,,,,,,,,,,,,,,,,,,,,,,,,,,,,Bkav,True,,1.3.0.9899,W32.AIDetectVM.malware1,a5c03f6208b52ec5d59ae339473e61ac266fee00,a9e077d94df09e92d75ec56c17df28f92e140bfddad45c483b4524f689226f1c,a349a8ba295df0d37e458e97474ff308,70.0,62.0,2020-09-26 00:23:29
Hash,a9e077d94df09e92d75ec56c17df28f92e140bfddad45c483b4524f689226f1c,,,,,,,,,,,,,,,,,,,,,,,,,,,,,TrendMicro,True,,11.0.0.1006,TROJ_UNRUY.SMT,a5c03f6208b52ec5d59ae339473e61ac266fee00,a9e077d94df09e92d75ec56c17df28f92e140bfddad45c483b4524f689226f1c,a349a8ba295df0d37e458e97474ff308,70.0,62.0,2020-09-26 00:23:29
Hash,a9e077d94df09e92d75ec56c17df28f92e140bfddad45c483b4524f689226f1c,,,,,,,,,,,,,,,,,,,,,,,,,,,,,Rising,True,,25.0.0.26,Trojan.Unruy!1.AE5E (CLASSIC),a5c03f6208b52ec5d59ae339473e61ac266fee00,a9e077d94df09e92d75ec56c17df28f92e140bfddad45c483b4524f689226f1c,a349a8ba295df0d37e458e97474ff308,70.0,62.0,2020-09-26 00:23:29
Hash,a9e077d94df09e92d75ec56c17df28f92e140bfddad45c483b4524f689226f1c,,,,,,,,,,,,,,,,,,,,,,,,,,,,,BitDefender,True,,7.2,Gen:Variant.Unruy.1,a5c03f6208b52ec5d59ae339473e61ac266fee00,a9e077d94df09e92d75ec56c17df28f92e140bfddad45c483b4524f689226f1c,a349a8ba295df0d37e458e97474ff308,70.0,62.0,2020-09-26 00:23:29
Hash,a9e077d94df09e92d75ec56c17df28f92e140bfddad45c483b4524f689226f1c,,,,,,,,,,,,,,,,,,,,,,,,,,,,,McAfee-GW-Edition,True,,v2019.1.2+3728,BehavesLike.Win32.Downloader.tt,a5c03f6208b52ec5d59ae339473e61ac266fee00,a9e077d94df09e92d75ec56c17df28f92e140bfddad45c483b4524f689226f1c,a349a8ba295df0d37e458e97474ff308,70.0,62.0,2020-09-26 00:23:29
Hash,a9e077d94df09e92d75ec56c17df28f92e140bfddad45c483b4524f689226f1c,,,,,,,,,,,,,,,,,,,,,,,,,,,,,Ad-Aware,True,,3.0.16.117,Gen:Variant.Unruy.1,a5c03f6208b52ec5d59ae339473e61ac266fee00,a9e077d94df09e92d75ec56c17df28f92e140bfddad45c483b4524f689226f1c,a349a8ba295df0d37e458e97474ff308,70.0,62.0,2020-09-26 00:23:29
Hash,a9e077d94df09e92d75ec56c17df28f92e140bfddad45c483b4524f689226f1c,,,,,,,,,,,,,,,,,,,,,,,,,,,,,AhnLab-V3,True,,3.18.2.10046,Trojan/Win32.Cycler.R8362,a5c03f6208b52ec5d59ae339473e61ac266fee00,a9e077d94df09e92d75ec56c17df28f92e140bfddad45c483b4524f689226f1c,a349a8ba295df0d37e458e97474ff308,70.0,62.0,2020-09-26 00:23:29
Hash,a9e077d94df09e92d75ec56c17df28f92e140bfddad45c483b4524f689226f1c,,,,,,,,,,,,,,,,,,,,,,,,,,,,,Malwarebytes,True,,3.6.4.335,Trojan.Unruy,a5c03f6208b52ec5d59ae339473e61ac266fee00,a9e077d94df09e92d75ec56c17df28f92e140bfddad45c483b4524f689226f1c,a349a8ba295df0d37e458e97474ff308,70.0,62.0,2020-09-26 00:23:29
Hash,a9e077d94df09e92d75ec56c17df28f92e140bfddad45c483b4524f689226f1c,,,,,,,,,,,,,,,,,,,,,,,,,,,,,Jiangmin,True,,16.0.100,TrojanClicker.Cycler.f,a5c03f6208b52ec5d59ae339473e61ac266fee00,a9e077d94df09e92d75ec56c17df28f92e140bfddad45c483b4524f689226f1c,a349a8ba295df0d37e458e97474ff308,70.0,62.0,2020-09-26 00:23:29
Hash,a9e077d94df09e92d75ec56c17df28f92e140bfddad45c483b4524f689226f1c,,,,,,,,,,,,,,,,,,,,,,,,,,,,,Antiy-AVL,True,,3.0.0.1,Trojan[Clicker]/Win32.Cycler,a5c03f6208b52ec5d59ae339473e61ac266fee00,a9e077d94df09e92d75ec56c17df28f92e140bfddad45c483b4524f689226f1c,a349a8ba295df0d37e458e97474ff308,70.0,62.0,2020-09-26 00:23:29
Hash,a9e077d94df09e92d75ec56c17df28f92e140bfddad45c483b4524f689226f1c,,,,,,,,,,,,,,,,,,,,,,,,,,,,,Cylance,True,,2.3.1.101,Unsafe,a5c03f6208b52ec5d59ae339473e61ac266fee00,a9e077d94df09e92d75ec56c17df28f92e140bfddad45c483b4524f689226f1c,a349a8ba295df0d37e458e97474ff308,70.0,62.0,2020-09-26 00:23:29
Hash,a9e077d94df09e92d75ec56c17df28f92e140bfddad45c483b4524f689226f1c,,,,,,,,,,,,,,,,,,,,,,,,,,,,,K7GW,True,,11.141.35306,Trojan-Downloader ( 005323c21 ),a5c03f6208b52ec5d59ae339473e61ac266fee00,a9e077d94df09e92d75ec56c17df28f92e140bfddad45c483b4524f689226f1c,a349a8ba295df0d37e458e97474ff308,70.0,62.0,2020-09-26 00:23:29
Hash,a9e077d94df09e92d75ec56c17df28f92e140bfddad45c483b4524f689226f1c,,,,,,,,,,,,,,,,,,,,,,,,,,,,,Avast,True,,18.4.3895.0,Win32:Unruy-AA [Trj],a5c03f6208b52ec5d59ae339473e61ac266fee00,a9e077d94df09e92d75ec56c17df28f92e140bfddad45c483b4524f689226f1c,a349a8ba295df0d37e458e97474ff308,70.0,62.0,2020-09-26 00:23:29
Hash,a9e077d94df09e92d75ec56c17df28f92e140bfddad45c483b4524f689226f1c,,,,,,,,,,,,,,,,,,,,,,,,,,,,,Tencent,True,,1.0.0.1,Adware.Win32.Clicker.a,a5c03f6208b52ec5d59ae339473e61ac266fee00,a9e077d94df09e92d75ec56c17df28f92e140bfddad45c483b4524f689226f1c,a349a8ba295df0d37e458e97474ff308,70.0,62.0,2020-09-26 00:23:29
Hash,a9e077d94df09e92d75ec56c17df28f92e140bfddad45c483b4524f689226f1c,,,,,,,,,,,,,,,,,,,,,,,,,,,,,AVG,True,,18.4.3895.0,Win32:Unruy-AA [Trj],a5c03f6208b52ec5d59ae339473e61ac266fee00,a9e077d94df09e92d75ec56c17df28f92e140bfddad45c483b4524f689226f1c,a349a8ba295df0d37e458e97474ff308,70.0,62.0,2020-09-26 00:23:29
Hash,a9e077d94df09e92d75ec56c17df28f92e140bfddad45c483b4524f689226f1c,,,,,,,,,,,,,,,,,,,,,,,,,,,,,Arcabit,True,,1.0.0.881,Trojan.Unruy.1,a5c03f6208b52ec5d59ae339473e61ac266fee00,a9e077d94df09e92d75ec56c17df28f92e140bfddad45c483b4524f689226f1c,a349a8ba295df0d37e458e97474ff308,70.0,62.0,2020-09-26 00:23:29
Hash,a9e077d94df09e92d75ec56c17df28f92e140bfddad45c483b4524f689226f1c,,,,,,,,,,,,,,,,,,,,,,,,,,,,,Emsisoft,True,,2018.12.0.1641,Gen:Variant.Unruy.1 (B),a5c03f6208b52ec5d59ae339473e61ac266fee00,a9e077d94df09e92d75ec56c17df28f92e140bfddad45c483b4524f689226f1c,a349a8ba295df0d37e458e97474ff308,70.0,62.0,2020-09-26 00:23:29
Hash,a9e077d94df09e92d75ec56c17df28f92e140bfddad45c483b4524f689226f1c,,,,,,,,,,,,,,,,,,,,,,,,,,,,,F-Secure,True,,12.0.86.52,Trojan.TR/Dldr.Agent.39446,a5c03f6208b52ec5d59ae339473e61ac266fee00,a9e077d94df09e92d75ec56c17df28f92e140bfddad45c483b4524f689226f1c,a349a8ba295df0d37e458e97474ff308,70.0,62.0,2020-09-26 00:23:29
Hash,a9e077d94df09e92d75ec56c17df28f92e140bfddad45c483b4524f689226f1c,,,,,,,,,,,,,,,,,,,,,,,,,,,,,Invincea,True,,1.0.1.0,ML/PE-A + Troj/Clickr-N,a5c03f6208b52ec5d59ae339473e61ac266fee00,a9e077d94df09e92d75ec56c17df28f92e140bfddad45c483b4524f689226f1c,a349a8ba295df0d37e458e97474ff308,70.0,62.0,2020-09-26 00:23:29
Hash,a9e077d94df09e92d75ec56c17df28f92e140bfddad45c483b4524f689226f1c,,,,,,,,,,,,,,,,,,,,,,,,,,,,,Cyren,True,,6.3.0.2,W32/Trojan.UCRP-1793,a5c03f6208b52ec5d59ae339473e61ac266fee00,a9e077d94df09e92d75ec56c17df28f92e140bfddad45c483b4524f689226f1c,a349a8ba295df0d37e458e97474ff308,70.0,62.0,2020-09-26 00:23:29
Hash,a9e077d94df09e92d75ec56c17df28f92e140bfddad45c483b4524f689226f1c,,,,,,,,,,,,,,,,,,,,,,,,,,,,,CAT-QuickHeal,True,,14.00,Trojan.Mauvaise.SL1,a5c03f6208b52ec5d59ae339473e61ac266fee00,a9e077d94df09e92d75ec56c17df28f92e140bfddad45c483b4524f689226f1c,a349a8ba295df0d37e458e97474ff308,70.0,62.0,2020-09-26 00:23:29
Hash,a9e077d94df09e92d75ec56c17df28f92e140bfddad45c483b4524f689226f1c,,,,,,,,,,,,,,,,,,,,,,,,,,,,,Kaspersky,True,,15.0.1.13,Trojan-Clicker.Win32.Cycler.gq,a5c03f6208b52ec5d59ae339473e61ac266fee00,a9e077d94df09e92d75ec56c17df28f92e140bfddad45c483b4524f689226f1c,a349a8ba295df0d37e458e97474ff308,70.0,62.0,2020-09-26 00:23:29
IP,78.192.181.26,FR,Free SAS,,,,,http://78.192.181.26/,5.0,79.0,2020-09-14 11:18:21,6acd3453c0b3234bd95a4cb931da77d4ef1a140cd410b0d6662d708524367e67,40.0,75.0,2020-03-20 19:54:05,12322.0,,,,,,,,,,,,,,,,,,,,,,,,
IP,78.192.181.26,FR,Free SAS,,,,,http://78.192.181.26/LNTNtCrrxob4M/jhIWv/Fw5dzKy/ud1P1sHc7dbqKRxO2d4/Oi4PcRh89LoH/LJjgosRPI6SoCvN15n,5.0,79.0,2020-06-28 19:29:13,fb7c900cd077052925c1184c1368b5222ff8276a1206860302b8c13ce3a56712,50.0,76.0,2020-06-16 00:51:58,12322.0,,,,,,,,,,,,,,,,,,,,,,,,
IP,78.192.181.26,FR,Free SAS,,,,,http://78.192.181.26/KlK5c41mFHa113/DrmeZENepUidIs/QOA9bYWwpZx/,5.0,79.0,2020-06-24 03:59:48,f83438a697829b9b0723f76655d0e3d9ea101bdc4aaaa322adbbe83bbe486727,39.0,75.0,2020-03-21 20:56:11,12322.0,,,,,,,,,,,,,,,,,,,,,,,,
IP,78.192.181.26,FR,Free SAS,,,,,,,,,bef780a75730a880ed1065b9e443231927defe9574815038a325fb499264113a,24.0,75.0,2020-03-18 19:08:09,12322.0,,,,,,,,,,,,,,,,,,,,,,,,
IP,78.192.181.26,FR,Free SAS,,,,,,,,,,,,,12322.0,,,,,,,,,,,,,,,,,,,,,,,,
IP,190.160.53.126,CL,VTR BANDA ANCHA S.A.,,2020-03-23 15:12:51,pc-126-53-160-190.cm.vtr.net,,http://190.160.53.126/LEdUUkI4S/ItLOMRhrhZkugjBNvUG,9.0,80.0,2020-10-02 16:17:38,36e10a07c4c821efd9a7a06789c484f17bbb946e53e720f7c2ecdbc382aa53f1,43.0,74.0,2020-09-21 18:40:48,22047.0,,,,,,,,,,,,,,,,,,,,,,,,
IP,190.160.53.126,CL,VTR BANDA ANCHA S.A.,,,,,http://190.160.53.126/,9.0,80.0,2020-10-01 07:51:52,7a38d72476918aec68f3ca84b7079a4f2ab1bc20cb837644473e3cb510eb3862,56.0,73.0,2020-09-02 14:09:40,22047.0,,,,,,,,,,,,,,,,,,,,,,,,
IP,190.160.53.126,CL,VTR BANDA ANCHA S.A.,,,,,http://190.160.53.126/y1Pbc3wSTigeiNiJkJi/h1EakNt/qHrdjl2SBbJ8s1L,10.0,80.0,2020-09-28 03:22:11,3fe858f8847629369d30dbb4ea17a2771ce9121f37feaaea76a81c063ccd22fc,54.0,72.0,2020-09-18 13:38:28,22047.0,,,,,,,,,,,,,,,,,,,,,,,,
IP,190.160.53.126,CL,VTR BANDA ANCHA S.A.,,,,,http://190.160.53.126/wcpPpduXvLo8Fn9/loAsyWo5,10.0,80.0,2020-09-28 03:11:31,ca78427c990f71cf547980087b42509f39ac212c2b1316fbb4a17ff87cb549b3,45.0,73.0,2020-09-06 08:20:19,22047.0,,,,,,,,,,,,,,,,,,,,,,,,
IP,190.160.53.126,CL,VTR BANDA ANCHA S.A.,,,,,http://190.160.53.126/8IZThOuJeis3EdX/EKlf5SFt/8FaH0WPPWpFBOnWuF/yUII4gaTTdRpiFhuEm,10.0,80.0,2020-09-27 21:03:22,618c0c333e604a8868b87a84f7a8003a0600ebef12a8ccac624076e60cc7c46e,59.0,74.0,2020-09-13 06:19:44,22047.0,,,,,,,,,,,,,,,,,,,,,,,,
IP,190.160.53.126,CL,VTR BANDA ANCHA S.A.,,,,,http://190.160.53.126/4rO5o,9.0,80.0,2020-09-27 14:50:30,c7f000fd967a3dd65c6e00725d81fcd2c411a0aa08bfd0b0d3f8a3caba15dcfa,40.0,76.0,2020-08-12 14:43:18,22047.0,,,,,,,,,,,,,,,,,,,,,,,,
IP,190.160.53.126,CL,VTR BANDA ANCHA S.A.,,,,,http://190.160.53.126/RJdR/74wfprFTyirg/z4ph9,9.0,80.0,2020-09-27 11:12:48,6edd0a342fd8c57177c7a221fe5ba75e7c0643b78bb3ef9133a230095596439c,47.0,73.0,2020-08-30 13:08:21,22047.0,,,,,,,,,,,,,,,,,,,,,,,,
IP,190.160.53.126,CL,VTR BANDA ANCHA S.A.,,,,,http://190.160.53.126/JSIRRZZP,9.0,80.0,2020-09-27 11:08:45,1ec07ea76facd15b4efc8f1bd9c3f0f6f82a18e560218bb71e18be7b3d485a11,39.0,74.0,2020-09-10 08:21:25,22047.0,,,,,,,,,,,,,,,,,,,,,,,,
IP,190.160.53.126,CL,VTR BANDA ANCHA S.A.,,,,,http://190.160.53.126/pb7XBsXoPq3wZtujX/c9onQql3IRZxuDIe7tN/zRhYU4svVpqBcyaC/AlzaX,9.0,80.0,2020-09-27 10:20:22,abc8ea82d58a4d83c289abd9587e67f7e702ceea90bbf686507cec1bfd2dd2f9,38.0,73.0,2020-09-07 11:20:36,22047.0,,,,,,,,,,,,,,,,,,,,,,,,
IP,190.160.53.126,CL,VTR BANDA ANCHA S.A.,,,,,https://190.160.53.126/,6.0,80.0,2020-09-27 06:51:11,a467300305ef027a056445d63a2046f03720d24e93aeee1b69fbac4f089c7d89,43.0,73.0,2020-09-07 11:25:43,22047.0,,,,,,,,,,,,,,,,,,,,,,,,
IP,190.160.53.126,CL,VTR BANDA ANCHA S.A.,,,,,http://190.160.53.126/owqL/EPgD2B9ppXW,9.0,80.0,2020-09-26 12:40:30,004ca7864f88afc4766fc0ee9b940bea6c84c79d28bd299eed5f275c220aefed,41.0,73.0,2020-09-07 13:30:49,22047.0,,,,,,,,,,,,,,,,,,,,,,,,
IP,190.160.53.126,CL,VTR BANDA ANCHA S.A.,,,,,http://190.160.53.126/0Mt3ji9NxbUYNS/OPwpeD5rXoxMge/ndJh49T1xm70HMTFfVx/UxIspWmvxyPxW,8.0,80.0,2020-09-26 12:21:31,b72b6a0e9ef1c07e51ece31ac71bc46aef456a8e15e90e663eeaf5638fd3cdbf,43.0,73.0,2020-09-07 12:27:00,22047.0,,,,,,,,,,,,,,,,,,,,,,,,
IP,190.160.53.126,CL,VTR BANDA ANCHA S.A.,,,,,http://190.160.53.126/2RDbjdHRyKmHfj1RO/CdYYKz/1QVrAIdCu1EEWJQL3SN/VKKqzhKxNE,9.0,80.0,2020-09-26 12:13:22,869316bcc81a2bdb951d6b92e3d018c8c710f8faf6c09b1e037e159fdc930f77,42.0,73.0,2020-09-07 13:31:43,22047.0,,,,,,,,,,,,,,,,,,,,,,,,
IP,190.160.53.126,CL,VTR BANDA ANCHA S.A.,,,,,http://190.160.53.126/Oin9HUx0HmNRM5WHwC/JLzI3v5wg/7Dm4Q,9.0,80.0,2020-09-26 03:42:57,5ebe6cca8a07f09dbdd93061acd3fd8145f6142715fa5717abbd66ca35e3e146,43.0,73.0,2020-09-07 13:30:35,22047.0,,,,,,,,,,,,,,,,,,,,,,,,
IP,190.160.53.126,CL,VTR BANDA ANCHA S.A.,,,,,http://190.160.53.126/2RDbjdHRyKmHfj1RO/CdYYKz/1QVrAIdCu1EEWJQL3SN/VKKqzhKxNE/OHH9zBoLqudKLvySTs/kOwOOixjwKpHAbORTV,10.0,80.0,2020-09-26 03:34:08,dea531558b95c7966a3257bc786881f1d0e0423d777ef891dd315cc741db01bd,44.0,72.0,2020-09-07 04:46:00,22047.0,,,,,,,,,,,,,,,,,,,,,,,,
IP,190.160.53.126,CL,VTR BANDA ANCHA S.A.,,,,,http://190.160.53.126/U7vCZXHd4EE4A/xypjwIi/JvO4AqwmbMauwO,6.0,80.0,2020-09-26 03:23:30,6f8237c804eca674967a870812023cd1d386725b94967dac8385776167283c18,44.0,73.0,2020-09-07 11:30:42,22047.0,,,,,,,,,,,,,,,,,,,,,,,,
IP,190.160.53.126,CL,VTR BANDA ANCHA S.A.,,,,,http://190.160.53.126/2RDbjdHRyKmHfj1RO/CdYYKz/1QVrAIdCu1EEWJQL3SN/VKKqzhKxNE/OHH9zBoLqudKLvySTs,10.0,80.0,2020-09-25 23:50:12,cf45892bc9ba4712136e32a47d0ed4ac937982b93ccb0445ef21fc426b1f8bc8,45.0,73.0,2020-09-07 04:42:48,22047.0,,,,,,,,,,,,,,,,,,,,,,,,
IP,190.160.53.126,CL,VTR BANDA ANCHA S.A.,,,,,http://190.160.53.126/yhg2nMsTrwAXilio/xd9Hs/JaMGbs6VbahQrjio,10.0,80.0,2020-09-25 23:03:00,c11d38bb621590d3fac62529def3bc27bbfbd76d61af69aeced2307aabab4675,46.0,73.0,2020-09-07 04:43:09,22047.0,,,,,,,,,,,,,,,,,,,,,,,,
IP,190.160.53.126,CL,VTR BANDA ANCHA S.A.,,,,,http://190.160.53.126/sFGlXezi88X5wFYrWF,9.0,80.0,2020-09-25 20:30:47,7c8a1fb2e964a5abcc25a8967cc32b0b65c56fad71a7e32b153efb5b24923389,46.0,73.0,2020-09-07 04:45:26,22047.0,,,,,,,,,,,,,,,,,,,,,,,,
IP,190.160.53.126,CL,VTR BANDA ANCHA S.A.,,,,,http://190.160.53.126/9pjI/qMbju5OCl16C/dAxXf/VyNRmG9b/Ko4f3XXvqau2l3,8.0,80.0,2020-09-25 20:27:16,a1d73db1be97e9bbe5057285354a4ce5dfa7b0c90f3ee67241f33f39276740ab,46.0,73.0,2020-09-07 04:51:28,22047.0,,,,,,,,,,,,,,,,,,,,,,,,
IP,190.160.53.126,CL,VTR BANDA ANCHA S.A.,,,,,http://190.160.53.126/7Mnkn3p19Dg7WoN/ThIUz9/VVamYEtu3/YnnBoUoIa7NdTN1U,8.0,80.0,2020-09-25 19:40:48,13c9846f850d0963ec0cdb2ef3625b2a3e4e45489c98266bf58c4782d1b88222,47.0,73.0,2020-09-07 04:45:05,22047.0,,,,,,,,,,,,,,,,,,,,,,,,
IP,190.160.53.126,CL,VTR BANDA ANCHA S.A.,,,,,http://190.160.53.126/05f3JcZ15qXysG/dVUcpV4iuli/hzKsf91pBn4U5t2s9Sx,9.0,80.0,2020-09-25 19:30:41,8e82f5c3203336f4ec6fd75c9211db8b4feb82056595563f5cddf8697c17dc3b,48.0,73.0,2020-09-07 13:30:35,22047.0,,,,,,,,,,,,,,,,,,,,,,,,
IP,190.160.53.126,CL,VTR BANDA ANCHA S.A.,,,,,http://190.160.53.126/g5ahw1lz3z8/AaCYHrirb2KzlI/uEeFLns2t/atTKWuD0wPVdQVkZhY,8.0,80.0,2020-09-25 16:02:03,95697877d23e905eaf6684a062a08220a829604d79f031850a30622879e5503c,47.0,72.0,2020-09-08 09:15:03,22047.0,,,,,,,,,,,,,,,,,,,,,,,,
IP,190.160.53.126,CL,VTR BANDA ANCHA S.A.,,,,,http://190.160.53.126/XXablYdtc2ewwwjF05u/39JfrORb/TauOfF/XneVohGXGhGe,8.0,80.0,2020-09-25 16:00:56,27eae5639d5cd4abea4ef2fa5e66c68b6bb28614dc0c36edbd9007c8289353d7,40.0,73.0,2020-08-23 14:08:45,22047.0,,,,,,,,,,,,,,,,,,,,,,,,
IP,190.160.53.126,CL,VTR BANDA ANCHA S.A.,,,,,http://190.160.53.126/aYYqrK,9.0,80.0,2020-09-25 09:10:24,f67cea6bbb33146380f6a16882cc4f9ebc33f916bb026d8b350318e542b94447,40.0,73.0,2020-08-24 01:08:02,22047.0,,,,,,,,,,,,,,,,,,,,,,,,
IP,190.160.53.126,CL,VTR BANDA ANCHA S.A.,,,,,http://190.160.53.126/QgzKdM,10.0,80.0,2020-09-25 03:00:58,a63ca1d5fc6965e62120b59100607244533db857943b0aab6d25848796e54351,41.0,73.0,2020-08-27 13:37:39,22047.0,,,,,,,,,,,,,,,,,,,,,,,,
IP,190.160.53.126,CL,VTR BANDA ANCHA S.A.,,,,,http://190.160.53.126/vcGCQEBcIObeVYurfa,9.0,80.0,2020-09-25 02:10:20,3c5940e7bd7b04f5b253a95f9a2dff99ace1f97a8413034d53e7fb5387a049d9,40.0,73.0,2020-08-23 14:08:17,22047.0,,,,,,,,,,,,,,,,,,,,,,,,
IP,190.160.53.126,CL,VTR BANDA ANCHA S.A.,,,,,http://190.160.53.126/y1Pbc3wSTigeiNiJkJi,7.0,80.0,2020-09-24 19:38:09,8592e77c1c48d939b205ebf81fe0b5903ed8d37d9738f02db0360c37442133dd,41.0,76.0,2020-08-13 14:43:43,22047.0,,,,,,,,,,,,,,,,,,,,,,,,
IP,190.160.53.126,CL,VTR BANDA ANCHA S.A.,,,,,http://190.160.53.126/Iy2L/yGj29HDBne2cofhLf/vN93qRvMW0/Gy1a0TY2,10.0,80.0,2020-09-24 18:40:15,1c95d5dd83f857722c08ac92ae0095484637d55fe5c93dd7041878deed6383ff,41.0,73.0,2020-08-23 14:08:37,22047.0,,,,,,,,,,,,,,,,,,,,,,,,
IP,190.160.53.126,CL,VTR BANDA ANCHA S.A.,,,,,http://190.160.53.126/JIxUFg1CBykxFNL/BPf2CnJ9L/6VM98/baU7AjuABG3qSt87FEM/Eut7QgDjETDMdFRvq,10.0,80.0,2020-09-24 18:30:29,86488f4470fcbdd4e265b544ea0509070c68c8c840b602c889ad23aed375792d,41.0,73.0,2020-08-23 14:08:25,22047.0,,,,,,,,,,,,,,,,,,,,,,,,
IP,190.160.53.126,CL,VTR BANDA ANCHA S.A.,,,,,http://190.160.53.126/wcpPpduXvLo8Fn9,10.0,80.0,2020-09-24 18:30:18,2e0013ae11fd80f2fcbd8488a53d6931d5cda77bb542e026cdca5c602ae4c3e1,38.0,75.0,2020-08-16 19:07:39,22047.0,,,,,,,,,,,,,,,,,,,,,,,,
IP,190.160.53.126,CL,VTR BANDA ANCHA S.A.,,,,,http://190.160.53.126/87ExYEK4qZiJSj7LOL/QAonfzLR7T49OT,10.0,80.0,2020-09-24 13:40:22,b2b4557ff48bf2d3b0e1cf6514712664fca0cff4e117cd826ba320ccee39235c,41.0,76.0,2020-08-13 06:23:40,22047.0,,,,,,,,,,,,,,,,,,,,,,,,
IP,190.160.53.126,CL,VTR BANDA ANCHA S.A.,,,,,http://190.160.53.126/iV37Q13XmVIlYPtH/LpBTbtIcB09i1g6L/bz7JC51KE1eyIFM2l/dQazWCt3Itk,9.0,80.0,2020-09-24 11:50:28,e8ac6561181bb9be97f809517a5966bdd0ec2e587ab987116ca5276ce4fcfa21,40.0,74.0,2020-08-15 19:08:05,22047.0,,,,,,,,,,,,,,,,,,,,,,,,
IP,190.160.53.126,CL,VTR BANDA ANCHA S.A.,,,,,http://190.160.53.126/UclltcfYSC9m72h,9.0,80.0,2020-09-23 21:42:46,47985e5a2672f34c75b3f749614a03b2482947afb590f1bf66575b8122f57fb8,40.0,76.0,2020-08-13 06:22:50,22047.0,,,,,,,,,,,,,,,,,,,,,,,,
IP,190.160.53.126,CL,VTR BANDA ANCHA S.A.,,,,,http://190.160.53.126/C5G3sF4KBXq7u4G7/6GP0E77/dzuvsTaN9IST/3dtqUCvqrKn/5eRzXP6T8kT0D7,10.0,80.0,2020-09-23 20:12:58,0eb0c481862b4d91bfe69d6be582e83208b8168852bb4d2dd60040b0ad0d0380,34.0,74.0,2020-07-30 03:07:28,22047.0,,,,,,,,,,,,,,,,,,,,,,,,
IP,190.160.53.126,CL,VTR BANDA ANCHA S.A.,,,,,http://190.160.53.126/th4ZExIrV,10.0,80.0,2020-09-23 20:00:56,ec5bb94d72379203d9c22ad51a98be2d571b19bc82f5bee9f4d5624f816c1aaa,42.0,75.0,2020-08-13 14:45:25,22047.0,,,,,,,,,,,,,,,,,,,,,,,,
IP,190.160.53.126,CL,VTR BANDA ANCHA S.A.,,,,,http://190.160.53.126/n7drpFLI3ojuog6uLVm/vbBlE1PBkTP3BkV/WR6w1o3W6xVVo78M,6.0,80.0,2020-09-23 19:55:46,b8a7dbedcc77137e5b1323a07e4daf8d8e9bb206dd5d5c6c2f4187db825aeedb,41.0,76.0,2020-08-13 05:47:55,22047.0,,,,,,,,,,,,,,,,,,,,,,,,
IP,190.160.53.126,CL,VTR BANDA ANCHA S.A.,,,,,http://190.160.53.126/BSwTasHSHinlTSfKNwS/5KA64Zaz3yHsg/ZdQL1,10.0,80.0,2020-09-23 18:40:19,a8c1ace3c7fd13bf41f60062fa4b07a341fec0fbec9ae6e92ccedd88be15e7e5,41.0,75.0,2020-08-15 19:07:49,22047.0,,,,,,,,,,,,,,,,,,,,,,,,
IP,190.160.53.126,CL,VTR BANDA ANCHA S.A.,,,,,http://190.160.53.126/LEH7QAoAq2N0Vkth,10.0,80.0,2020-09-23 18:30:12,a1782e6bdffc01f6df2967d1e263e6bd11bdb6fc1dd55b1530a981483fd7c9bf,38.0,75.0,2020-08-16 07:38:03,22047.0,,,,,,,,,,,,,,,,,,,,,,,,
IP,190.160.53.126,CL,VTR BANDA ANCHA S.A.,,,,,http://190.160.53.126/YsOsOYYcTQ/CbHrEBoCzkZT5Avj,7.0,80.0,2020-09-23 16:14:47,c8ce195f34fbef87dc5848a97d99544d51cdd1f59849e76e0354a2acb942a665,41.0,76.0,2020-08-13 14:45:09,22047.0,,,,,,,,,,,,,,,,,,,,,,,,
IP,190.160.53.126,CL,VTR BANDA ANCHA S.A.,,,,,http://190.160.53.126/6qfxkZb73ld6sN7/dAoHtaBAZVC/gn26vw/JvkNVlPd7UmD,10.0,80.0,2020-09-23 16:02:48,841b0573eb354c63162df292f3292c397e7c3af636b97aff937cc635ca32524b,40.0,75.0,2020-08-16 01:07:41,22047.0,,,,,,,,,,,,,,,,,,,,,,,,
IP,190.160.53.126,CL,VTR BANDA ANCHA S.A.,,,,,https://190.160.53.126:80/,7.0,80.0,2020-09-23 15:27:47,c77cb01b6fc24066056c7092a7077e30020f9dea5abdba83d68ea40ab7535f4a,41.0,76.0,2020-08-14 13:37:49,22047.0,,,,,,,,,,,,,,,,,,,,,,,,
IP,190.160.53.126,CL,VTR BANDA ANCHA S.A.,,,,,http://190.160.53.126/6qfxkZb73ld6sN7/dAoHtaBAZVC,8.0,80.0,2020-09-23 12:54:10,edc69699f9249717379a3e6df5cd970852ae211bb1b83d9384f7ca67d80350be,40.0,75.0,2020-08-13 14:44:27,22047.0,,,,,,,,,,,,,,,,,,,,,,,,
IP,190.160.53.126,CL,VTR BANDA ANCHA S.A.,,,,,http://190.160.53.126/IPhlDfGD5SZ/ds6B/69IZDIDmyhdiNdjZWR/GG6H/cTXDfiruinNtiB/Eizt6Q4N2x0,10.0,80.0,2020-09-23 12:20:15,e8219ee2a83e2ef271cde4d0c44b37fa87484d4032593db4f7a004f9756226cb,39.0,74.0,2020-08-15 01:44:44,22047.0,,,,,,,,,,,,,,,,,,,,,,,,
IP,190.160.53.126,CL,VTR BANDA ANCHA S.A.,,,,,http://190.160.53.126/Oin9HUx0HmNRM5WHwC/JLzI3v5wg/7Dm4Q/Ip3sUHnAH9Ufu7O3UZ/Of5t2TFdtivy7IN,10.0,80.0,2020-09-23 12:20:12,667e4606d464a1482827ed6c9f5830abe7cd95cf79462af02e011ce0ad553934,37.0,77.0,2020-08-14 07:38:02,22047.0,,,,,,,,,,,,,,,,,,,,,,,,
IP,190.160.53.126,CL,VTR BANDA ANCHA S.A.,,,,,http://190.160.53.126/Iqmq9YIUtjoWTXR/YbWqHBY/cR8rSQ/AXLLaEoYTCCZ3R/Pv26QIMU4lIqkZbr/L06Gbm,10.0,80.0,2020-09-23 12:10:20,b726ab3b9d9f611b8a7187cacfc896853f6bc06262b5293eb9d58b389fc18f76,40.0,74.0,2020-08-18 01:07:53,22047.0,,,,,,,,,,,,,,,,,,,,,,,,
IP,190.160.53.126,CL,VTR BANDA ANCHA S.A.,,,,,http://190.160.53.126/jy1BLbz8sz1/XXem5Kup8nwYc,9.0,80.0,2020-09-23 12:10:18,292d90877678ea5f6cda73f9f6c830c8fffc68230a6625fd7b047d5bb58f5286,41.0,76.0,2020-08-14 07:39:13,22047.0,,,,,,,,,,,,,,,,,,,,,,,,
IP,190.160.53.126,CL,VTR BANDA ANCHA S.A.,,,,,http://190.160.53.126/M6sjh9xxaYm73lG,10.0,80.0,2020-09-23 07:30:34,b3ffca228d4d444172e54cbafb591ce0d37193492c7775c7dbf7e8c8e6bc00dc,38.0,76.0,2020-08-14 07:37:48,22047.0,,,,,,,,,,,,,,,,,,,,,,,,
IP,190.160.53.126,CL,VTR BANDA ANCHA S.A.,,,,,http://190.160.53.126/87ExYEK4qZiJSj7LOL/QAonfzLR7T49OT/42Uw3c,10.0,80.0,2020-09-23 07:20:21,74e8ab71b26528c1d019efb3fc41b98979a2f19c9135077357951536d4fe50d5,40.0,73.0,2020-08-25 13:38:20,22047.0,,,,,,,,,,,,,,,,,,,,,,,,
IP,190.160.53.126,CL,VTR BANDA ANCHA S.A.,,,,,http://190.160.53.126/797H/099jhtW3rH/YfBDY,10.0,80.0,2020-09-23 07:00:14,9b43936b5fada0e792714f71a86d040674094dfe78d250050653865131ef4e0f,37.0,73.0,2020-09-03 12:35:06,22047.0,,,,,,,,,,,,,,,,,,,,,,,,
IP,190.160.53.126,CL,VTR BANDA ANCHA S.A.,,,,,http://190.160.53.126/05f3JcZ15qXysG/dVUcpV4iuli/hzKsf91pBn4U5t2s9Sx/z9zcMA/eAB85Grl4br5ZuHBxoe,9.0,80.0,2020-09-23 06:50:20,a5a92e4dc952596f5974d57c8420bbab9cfebda9c74e731433b4cd91d7863f57,12.0,76.0,2020-07-30 11:29:11,22047.0,,,,,,,,,,,,,,,,,,,,,,,,
IP,190.160.53.126,CL,VTR BANDA ANCHA S.A.,,,,,http://190.160.53.126/M5b5RHmf,10.0,80.0,2020-09-23 06:50:16,f69f0055828e04a0a7fc328193c2fb9064d52673900b97cfd6c9dc56441bf350,43.0,73.0,2020-08-23 14:08:28,22047.0,,,,,,,,,,,,,,,,,,,,,,,,
IP,190.160.53.126,CL,VTR BANDA ANCHA S.A.,,,,,http://190.160.53.126/AEcJ5dK80cYR,10.0,80.0,2020-09-23 03:59:25,19aff1e7636349b77c19f5a6a5814d8f852f83fc487a4c5afc0df15ea7635bc9,43.0,76.0,2020-08-12 01:43:35,22047.0,,,,,,,,,,,,,,,,,,,,,,,,
IP,190.160.53.126,CL,VTR BANDA ANCHA S.A.,,,,,http://190.160.53.126/2zrb/GKqd/b7E3y3FW1z85,9.0,80.0,2020-09-23 03:57:31,bebe4d918b9ca15d2201a80750c0a91dee2739b38d9ebf9a32346150f0a1c23d,39.0,75.0,2020-08-19 13:38:18,22047.0,,,,,,,,,,,,,,,,,,,,,,,,
IP,190.160.53.126,CL,VTR BANDA ANCHA S.A.,,,,,http://190.160.53.126/JonE0NH/cDUAO5B,9.0,80.0,2020-09-23 02:38:20,35a6cce598c4325b2d5b5610d355970f4ad292fd24e6c79b1082a8f8376335c5,48.0,75.0,2020-07-20 14:13:32,22047.0,,,,,,,,,,,,,,,,,,,,,,,,
IP,190.160.53.126,CL,VTR BANDA ANCHA S.A.,,,,,http://190.160.53.126/LvNq5hmyNGd0lk9q,9.0,80.0,2020-09-23 02:37:18,48f12ae04976f74699e0a0f5b9b56216014aa0e5594d4f0e8d42acc3be253974,53.0,75.0,2020-07-24 03:34:57,22047.0,,,,,,,,,,,,,,,,,,,,,,,,
IP,190.160.53.126,CL,VTR BANDA ANCHA S.A.,,,,,http://190.160.53.126/h4oZPFkvl7Y/Gq9Btpt3RFhC,8.0,80.0,2020-09-23 02:35:54,39a6d75daa006bb5156a154e712f96c26b3bac4ec2e027ce040d5dbe5101357e,52.0,74.0,2020-08-17 07:08:01,22047.0,,,,,,,,,,,,,,,,,,,,,,,,
IP,190.160.53.126,CL,VTR BANDA ANCHA S.A.,,,,,http://190.160.53.126/2rVXV2YhmLapA1Ma/2aCt8ROLyOm/uVag,9.0,80.0,2020-09-23 02:34:47,2a5110007391ae4f040d5136df3c3de975feeaaf328a83bb776c4a75a844b1ba,5.0,73.0,2020-09-04 13:15:21,22047.0,,,,,,,,,,,,,,,,,,,,,,,,
IP,190.160.53.126,CL,VTR BANDA ANCHA S.A.,,,,,http://190.160.53.126/amvJITfI/LYt2/JUx5HVlHOIuSJ,8.0,80.0,2020-09-23 02:33:41,12f6f01ef71b7de2db435f021a609cd232909faa600650741a8c4ff0d73a52c9,37.0,75.0,2020-07-20 05:21:57,22047.0,,,,,,,,,,,,,,,,,,,,,,,,
IP,190.160.53.126,CL,VTR BANDA ANCHA S.A.,,,,,http://190.160.53.126/rDgHOllt,9.0,80.0,2020-09-23 02:29:13,8c1bf47bd08efad36b1f6f2d30b79abf87ebd97b4f7b29781e129706a730f976,49.0,74.0,2020-08-14 19:37:26,22047.0,,,,,,,,,,,,,,,,,,,,,,,,
IP,190.160.53.126,CL,VTR BANDA ANCHA S.A.,,,,,http://190.160.53.126/3Wyt/nvuhFsCk/XyjwcsvTVW,7.0,80.0,2020-09-22 20:05:49,4f0dc9c995996e0e45ab64cf85ba48c785c660aa3c51d810ded9dab533935408,36.0,73.0,2020-09-03 12:20:46,22047.0,,,,,,,,,,,,,,,,,,,,,,,,
IP,190.160.53.126,CL,VTR BANDA ANCHA S.A.,,,,,http://190.160.53.126/HIyH,8.0,80.0,2020-09-22 16:14:45,a689a55240e80144babcaad017c2f3f3fc69c35f2f65aeec8fb0ce794294a034,40.0,73.0,2020-09-02 03:39:30,22047.0,,,,,,,,,,,,,,,,,,,,,,,,
IP,190.160.53.126,CL,VTR BANDA ANCHA S.A.,,,,,http://190.160.53.126/87ExYEK4qZiJSj7LOL,8.0,80.0,2020-09-22 16:12:38,7488fd52462dd5f0f10cc1b195e8688d249aa3c160981a31cfc3dbde99fafdbd,49.0,73.0,2020-09-02 01:50:32,22047.0,,,,,,,,,,,,,,,,,,,,,,,,
IP,190.160.53.126,CL,VTR BANDA ANCHA S.A.,,,,,http://190.160.53.126/q9V9/t3k8sVv4OuA1BWaR/90OK/t8nAAeRpNWICMs/DpPFHcbZcf,10.0,80.0,2020-09-22 13:50:29,a6ae21cd870259a250dc4f1771721056495a1466d1d68837fc22ed323891dc6e,43.0,73.0,2020-08-30 17:46:48,22047.0,,,,,,,,,,,,,,,,,,,,,,,,
IP,190.160.53.126,CL,VTR BANDA ANCHA S.A.,,,,,http://190.160.53.126/pb7XBsXoPq3wZtujX/c9onQql3IRZxuDIe7tN/zRhYU4svVpqBcyaC/AlzaX/,8.0,80.0,2020-09-22 12:05:02,5279656cf21a1a0c0ed1025d77773ee3ed5bbe909c1e5f01cfef6b090a34de72,37.0,73.0,2020-08-30 13:03:53,22047.0,,,,,,,,,,,,,,,,,,,,,,,,
IP,190.160.53.126,CL,VTR BANDA ANCHA S.A.,,,,,http://190.160.53.126/y1Pbc3wSTigeiNiJkJi/h1EakNt/qHrdjl2SBbJ8s1L/3XrbSflDb5AAs,9.0,80.0,2020-09-22 10:20:27,fb790b82e864d63826f3c1fa29e0ce989425b9f4aa6f17a777899f09082a88bc,31.0,73.0,2020-08-30 11:30:43,22047.0,,,,,,,,,,,,,,,,,,,,,,,,
IP,190.160.53.126,CL,VTR BANDA ANCHA S.A.,,,,,http://190.160.53.126/kxgPyBfdZhu1a,9.0,80.0,2020-09-22 08:50:18,61201e2f82f5201a6000acef811f7e227d151e3cda768f07e855fd27c51d462e,42.0,76.0,2020-08-14 13:38:02,22047.0,,,,,,,,,,,,,,,,,,,,,,,,
IP,190.160.53.126,CL,VTR BANDA ANCHA S.A.,,,,,http://190.160.53.126/lue6LsrHBqxWw4AWjvO,9.0,80.0,2020-09-22 07:30:19,6370801cfa9c5207d9891ac6bce41478e5f4d52c83922ec87b94af39195aaf65,41.0,76.0,2020-08-13 14:44:53,22047.0,,,,,,,,,,,,,,,,,,,,,,,,
IP,190.160.53.126,CL,VTR BANDA ANCHA S.A.,,,,,http://190.160.53.126/QgzKdM/2tKj0nk8dlAPv6NHT/n46U1307,8.0,80.0,2020-09-22 05:10:18,7a560c6eca5e1e084c498b3186fed8902403ce780b9279f7b26b33786cee6b2d,41.0,75.0,2020-08-13 14:45:11,22047.0,,,,,,,,,,,,,,,,,,,,,,,,
IP,190.160.53.126,CL,VTR BANDA ANCHA S.A.,,,,,http://190.160.53.126/LEH7QAoAq2N0Vkth/DN2qWGOoozrohayRB,10.0,80.0,2020-09-21 20:30:24,f16660c683a621fafd0e3fa38be9b3b4f8b911bf356faca9bac68947c85c1fd1,6.0,72.0,2020-08-27 00:42:50,22047.0,,,,,,,,,,,,,,,,,,,,,,,,
IP,190.160.53.126,CL,VTR BANDA ANCHA S.A.,,,,,http://190.160.53.126/PLFeOxRBTmm,10.0,80.0,2020-09-21 20:20:33,d31bd752964ced8bad425e557a9a32565a05be2788fbf69a6d3b43beb7d7989b,8.0,73.0,2020-08-26 18:46:10,22047.0,,,,,,,,,,,,,,,,,,,,,,,,
IP,190.160.53.126,CL,VTR BANDA ANCHA S.A.,,,,,http://190.160.53.126/th4ZExIrV/iewxp94zMC,10.0,80.0,2020-09-21 20:01:00,b4b82d85687894305e8572bb1c1f136de5c1ff462befd89a020eceece5e317de,42.0,73.0,2020-08-26 06:00:23,22047.0,,,,,,,,,,,,,,,,,,,,,,,,
IP,190.160.53.126,CL,VTR BANDA ANCHA S.A.,,,,,http://190.160.53.126/UclltcfYSC9m72h/sACfGuDZ/69F0/cSkvvAWfhmKDB,10.0,80.0,2020-09-21 19:20:21,00af1dd9aec05d5af299a4d18b23a868dadccd891978f2b6476383dec5024302,42.0,73.0,2020-08-27 12:25:16,22047.0,,,,,,,,,,,,,,,,,,,,,,,,
IP,190.160.53.126,CL,VTR BANDA ANCHA S.A.,,,,,http://190.160.53.126/ABj0t0,9.0,80.0,2020-09-21 19:20:19,b2cd635ea8de0bb1065dd3b278deaa1d27c527a2adde07a2cb6b702b7718d6c3,45.0,73.0,2020-08-26 10:00:47,22047.0,,,,,,,,,,,,,,,,,,,,,,,,
IP,190.160.53.126,CL,VTR BANDA ANCHA S.A.,,,,,http://190.160.53.126/bivgv/pjM2XqMeJxM,9.0,80.0,2020-09-21 11:40:53,23bd0c7bf60a55b3b1f54e353a5fb24fa8a07b9c1b4ad590c32152e38d464663,7.0,72.0,2020-08-26 10:17:52,22047.0,,,,,,,,,,,,,,,,,,,,,,,,
IP,190.160.53.126,CL,VTR BANDA ANCHA S.A.,,,,,http://190.160.53.126/4HfhxW/l1z2vpLkJP/yGTFq0ny/hPosN/gX92NRhywAK,10.0,80.0,2020-09-21 04:36:44,7feb2c4942ebc39203000dae598194749e0ad60f88f16b26701fdaf048baf56b,44.0,73.0,2020-08-26 09:07:39,22047.0,,,,,,,,,,,,,,,,,,,,,,,,
IP,190.160.53.126,CL,VTR BANDA ANCHA S.A.,,,,,http://190.160.53.126/aYYqrK/hLK2EYB79,10.0,80.0,2020-09-21 04:27:46,c73c71d6d719772c701520fca1215c72e59b64858f1aaddeefee58721f0bd5ab,43.0,73.0,2020-08-26 00:31:21,22047.0,,,,,,,,,,,,,,,,,,,,,,,,
IP,190.160.53.126,CL,VTR BANDA ANCHA S.A.,,,,,http://190.160.53.126/LEH7QAoAq2N0Vkth/DN2qWGOoozrohayRB/wQFu7PC/QNscO1igKyFS73Jt/SmNlzZn1MxXCATW1lnR,11.0,80.0,2020-09-21 04:16:58,3a7bb36657decdd90499f0b35ff643d41b72e6395d983b80bfe81aec6f512329,9.0,72.0,2020-08-26 12:24:35,22047.0,,,,,,,,,,,,,,,,,,,,,,,,
IP,190.160.53.126,CL,VTR BANDA ANCHA S.A.,,,,,http://190.160.53.126/01wc5TIdYldFLMflF,9.0,80.0,2020-09-21 04:11:11,3483cc741a59313190e7e70e23933b80ccfc1a12e081b612a43e0beacc444ca7,9.0,73.0,2020-08-26 11:42:42,22047.0,,,,,,,,,,,,,,,,,,,,,,,,
IP,190.160.53.126,CL,VTR BANDA ANCHA S.A.,,,,,http://190.160.53.126/n40AsP2X/9EAz4FNgBkJdgJ7/KTKtVf,9.0,80.0,2020-09-21 03:52:39,331108d14e1cb0a0296d28f368ebf0a92247f8b02b6f0c043446a008781480a7,41.0,71.0,2020-08-26 01:41:42,22047.0,,,,,,,,,,,,,,,,,,,,,,,,
IP,190.160.53.126,CL,VTR BANDA ANCHA S.A.,,,,,http://190.160.53.126/n7drpFLI3ojuog6uLVm/vbBlE1PBkTP3BkV/WR6w1o3W6xVVo78M/PsAj9,9.0,80.0,2020-09-20 02:17:36,2a9893b4e679eb353576a15962d0f210f74a76db9d7c125bc5f7a10eb66cd799,35.0,74.0,2020-08-22 01:39:04,22047.0,,,,,,,,,,,,,,,,,,,,,,,,
IP,190.160.53.126,CL,VTR BANDA ANCHA S.A.,,,,,http://190.160.53.126/UclltcfYSC9m72h/sACfGuDZ,9.0,80.0,2020-09-20 01:29:50,a43141572688e8b1526c5aee39777808b4cfa9d6a4edd0b0d04437255e2ab9d3,46.0,73.0,2020-08-25 02:15:31,22047.0,,,,,,,,,,,,,,,,,,,,,,,,
IP,190.160.53.126,CL,VTR BANDA ANCHA S.A.,,,,,http://190.160.53.126/YsOsOYYcTQ/CbHrEBoCzkZT5Avj/LlrRTtzDlr9MXZHC,6.0,80.0,2020-09-19 23:14:10,2659dcc36e0e909bb38293a1fe41403aa02f7201121e71f573d8cc7ded51f334,42.0,73.0,2020-08-24 07:54:36,22047.0,,,,,,,,,,,,,,,,,,,,,,,,
IP,190.160.53.126,CL,VTR BANDA ANCHA S.A.,,,,,http://190.160.53.126/6qfxkZb73ld6sN7/dAoHtaBAZVC/gn26vw,8.0,80.0,2020-09-19 19:20:49,4aafad35b6d9f4acb9065a9d71ad56096990b79beeaafdae9119a32d22920d9c,38.0,73.0,2020-08-23 12:06:40,22047.0,,,,,,,,,,,,,,,,,,,,,,,,
IP,190.160.53.126,CL,VTR BANDA ANCHA S.A.,,,,,http://190.160.53.126/WgI14epbzdna4HK/JmP27bISY/vnjQcL1HOTXduNu6j02,9.0,80.0,2020-09-19 06:27:56,8734af5146dd825024c4dc46a05f278c2e4dba55a490b97f82a8c821ded6c9b2,36.0,72.0,2020-08-22 22:15:41,22047.0,,,,,,,,,,,,,,,,,,,,,,,,
IP,190.160.53.126,CL,VTR BANDA ANCHA S.A.,,,,,http://190.160.53.126/jy1BLbz8sz1,9.0,80.0,2020-09-19 06:26:34,58b1841a3edd2bc1ff0ebc187010755084d1c093f1e01cd89cd010947be13461,34.0,73.0,2020-08-22 21:19:15,22047.0,,,,,,,,,,,,,,,,,,,,,,,,
IP,190.160.53.126,CL,VTR BANDA ANCHA S.A.,,,,,http://190.160.53.126/JonE0NH/cDUAO5B/3tGhYqESPXoVvWR,7.0,80.0,2020-09-19 00:07:17,3d6ec2ae35ce2ce927367b85f441e34614de06a19d1107b9fc7afbbc86ab8df6,38.0,74.0,2020-08-22 20:45:39,22047.0,,,,,,,,,,,,,,,,,,,,,,,,
IP,190.160.53.126,CL,VTR BANDA ANCHA S.A.,,,,,http://190.160.53.126/rDgHOllt/F3BMyp5BlPqEl,7.0,80.0,2020-09-19 00:05:08,372336d8c9439d90383acb169ca1aeabc0c4801358d72f4e1ee3967b31967e7e,34.0,73.0,2020-08-22 20:38:52,22047.0,,,,,,,,,,,,,,,,,,,,,,,,
IP,190.160.53.126,CL,VTR BANDA ANCHA S.A.,,,,,http://190.160.53.126/HIyH/vdELnt1L5bFDa2yX,7.0,80.0,2020-09-18 19:17:09,0ecbbac512c79af77648169467927ffcf91b83e2bc65ce6cf71ea479d398e877,38.0,74.0,2020-08-22 19:49:59,22047.0,,,,,,,,,,,,,,,,,,,,,,,,
IP,190.160.53.126,CL,VTR BANDA ANCHA S.A.,,,,,http://190.160.53.126/SpDrpxc4Q7BmJox,7.0,80.0,2020-09-18 19:02:50,1152db29a4f4c4e33a3f0723cefa554bee5ffca1424bfd0a528e15dbeb3467e6,36.0,74.0,2020-08-22 19:52:18,22047.0,,,,,,,,,,,,,,,,,,,,,,,,
IP,190.160.53.126,CL,VTR BANDA ANCHA S.A.,,,,,http://190.160.53.126/05f3JcZ15qXysG/dVUcpV4iuli/hzKsf91pBn4U5t2s9Sx/z9zcMA,9.0,80.0,2020-09-18 15:37:52,7ba762b96bee4c764b7b28a5bbd4a3460ced7d3ebfa7c01f8825f4b0f10b105b,7.0,73.0,2020-08-19 02:11:12,22047.0,,,,,,,,,,,,,,,,,,,,,,,,
IP,190.160.53.126,CL,VTR BANDA ANCHA S.A.,,,,,http://190.160.53.126/cOZS8GqqSpjtKL3NF,9.0,80.0,2020-09-18 14:13:25,f16858cbb23942978006d9b21b93336e3063a904c27c70170a80b4cd8dedd677,29.0,75.0,2020-08-16 07:38:10,22047.0,,,,,,,,,,,,,,,,,,,,,,,,
IP,190.160.53.126,CL,VTR BANDA ANCHA S.A.,,,,,http://190.160.53.126/797H/099jhtW3rH,6.0,80.0,2020-09-18 12:14:57,9f1cc06cf692d7e5ccb6546b66f96af6618c4996dea8ec910d349ce4c398f024,6.0,74.0,2020-08-18 11:19:25,22047.0,,,,,,,,,,,,,,,,,,,,,,,,
IP,190.160.53.126,CL,VTR BANDA ANCHA S.A.,,,,,http://190.160.53.126/lLVyhS5pn5y2FJBBrXP/Ykrb2CFN/ByF5,8.0,80.0,2020-09-16 19:04:04,0e7d11cfb63f8230ff6c96f85d99630e2f12c033db2dcddfe0664de8e5fdf0cc,8.0,74.0,2020-08-18 10:52:19,22047.0,,,,,,,,,,,,,,,,,,,,,,,,
IP,190.160.53.126,CL,VTR BANDA ANCHA S.A.,,,,,http://190.160.53.126/f7wg0hs8S1dB/IDCmKByXnBe2mHG2E,8.0,80.0,2020-09-16 14:39:26,65584e9886af473ee56132fb0f17a90ea643843d7ab54d8df3e75988b02c6cfa,7.0,75.0,2020-08-18 08:40:35,22047.0,,,,,,,,,,,,,,,,,,,,,,,,
IP,190.160.53.126,CL,VTR BANDA ANCHA S.A.,,,,,http://190.160.53.126/VQZa5SZD5sYfapT/G7WGr8JZA48SQrZhY/TFKiDZ6kDcFOR/UwNB/WFOrmB8YNKSuO,8.0,80.0,2020-09-16 14:38:21,2764e4c408bf41715e4318dbd356f98433b9547d7461edf3a213e2ebbd7312d1,8.0,75.0,2020-08-14 19:43:22,22047.0,,,,,,,,,,,,,,,,,,,,,,,,
IP,190.160.53.126,CL,VTR BANDA ANCHA S.A.,,,,,http://190.160.53.126/ELRpRMrnj0SF/glimiMRglG/yq2LNNb/mcqYewGYwIfk,9.0,80.0,2020-09-16 14:37:20,29c40a669a20b8ca10015fd39a0cdecf6940bf875767c126fcb6c6926d8b7e7c,7.0,76.0,2020-08-14 11:21:35,22047.0,,,,,,,,,,,,,,,,,,,,,,,,
IP,190.160.53.126,CL,VTR BANDA ANCHA S.A.,,,,,http://190.160.53.126/owqL/EPgD2B9ppXW/m4oJN9hjThAc/YGeNO1X0G40x,6.0,80.0,2020-09-16 11:44:52,e4d43a6f4998587509170d6111de2857906050e32cc92138ed089d361e876706,20.0,76.0,2020-08-14 10:41:40,22047.0,,,,,,,,,,,,,,,,,,,,,,,,
IP,190.160.53.126,CL,VTR BANDA ANCHA S.A.,,,,,http://190.160.53.126/ZxcTPQs3OMk/JswD5xUcL7gcKMO1,8.0,80.0,2020-09-16 00:52:57,e415446658b253e360517fc65e506a0a2df6f942e222a4423338dd452ac8ea09,14.0,74.0,2020-08-15 05:26:06,22047.0,,,,,,,,,,,,,,,,,,,,,,,,
IP,190.160.53.126,CL,VTR BANDA ANCHA S.A.,,,,,http://190.160.53.126/YVw5mKnXnYT1ADHV/zcZyOYd45wpr/nFKZTYxfES5zD7KeCy,8.0,80.0,2020-09-16 00:50:03,43507cd9a544cead8464b328c09d8d3a3134824a34b4e1150cff69ece502ca87,14.0,74.0,2020-08-15 05:31:04,22047.0,,,,,,,,,,,,,,,,,,,,,,,,
IP,190.160.53.126,CL,VTR BANDA ANCHA S.A.,,,,,,,,,,,,,22047.0,,,,,,,,,,,,,,,,,,,,,,,,
URL,http://hecs.com,,,,,,,http://hecs.com/,2.0,79.0,2020-09-27 22:21:16,,,,,,,,,,,,,,,,,,,Fortinet,True,malware site,,,,,,,,
URL,http://hecs.com,,,,,,,http://hecs.com/,2.0,79.0,2020-09-27 22:21:16,,,,,,,,,,,,,,,,,,,Forcepoint ThreatSeeker,False,suspicious site,,,,,,,,
URL,http://hecs.com,,,,,,,http://hecs.com/,2.0,79.0,2020-09-27 22:21:16,,,,,,,,,,,,,,,,,,,CRDF,True,malicious site,,,,,,,,
